Cinema,Latitude,Longitude,Number of Records,Number,Screens,Seatss,Year
אביב,32.0638934,34.7615574,1,1,1,0,1948
אביב,32.0638934,34.7615574,1,1,1,0,1949
אביב,32.0638934,34.7615574,1,1,1,0,1950
אביב,32.0638934,34.7615574,1,1,1,0,1951
אביב,32.0638934,34.7615574,1,1,1,0,1952
אביב,32.0638934,34.7615574,1,1,1,0,1953
אביב,32.0638934,34.7615574,1,1,1,0,1954
אביב,32.0638934,34.7615574,1,1,1,0,1955
אביב,32.0638934,34.7615574,1,1,1,0,1956
אביב,32.0638934,34.7615574,1,1,1,0,1957
אביב,32.0638934,34.7615574,1,1,1,0,1958
אביב,32.0638934,34.7615574,1,1,1,0,1959
אביב,32.0638934,34.7615574,1,1,1,0,1960
אביב,32.0638934,34.7615574,1,1,1,0,1961
אביב,32.0638934,34.7615574,1,1,1,0,1962
אביב,32.0638934,34.7615574,1,1,1,0,1963
אביב,32.0638934,34.7615574,1,1,1,0,1964
אביב,32.0638934,34.7615574,1,1,1,0,1965
אביב,32.0638934,34.7615574,1,1,1,0,1966
אביב,32.0638934,34.7615574,1,1,1,0,1967
אביב,32.0638934,34.7615574,1,1,1,0,1968
אביב,32.0638934,34.7615574,1,1,1,0,1969
אביב,32.0638934,34.7615574,1,1,1,0,1970
אביב,32.0638934,34.7615574,1,1,1,0,1971
אביב,32.0638934,34.7615574,1,1,1,0,1972
אביב,32.0638934,34.7615574,1,1,1,0,1973
אביב,32.0638934,34.7615574,1,1,1,0,1974
אופיר,32.0668835,34.7687775,1,2,1,0,1928
אופיר,32.0668835,34.7687775,1,2,1,0,1929
אופיר,32.0668835,34.7687775,1,2,1,0,1930
אופיר,32.0668835,34.7687775,1,2,1,0,1931
אופיר,32.0668835,34.7687775,1,2,1,0,1932
אופיר,32.0668835,34.7687775,1,2,1,0,1933
אופיר,32.0668835,34.7687775,1,2,1,0,1934
אופיר,32.0668835,34.7687775,1,2,1,0,1935
אופיר,32.0668835,34.7687775,1,2,1,0,1936
אופיר,32.0668835,34.7687775,1,2,1,0,1937
אופיר,32.0668835,34.7687775,1,2,1,0,1938
אופיר,32.0668835,34.7687775,1,2,1,0,1939
אופיר,32.0668835,34.7687775,1,2,1,0,1940
אופיר,32.0668835,34.7687775,1,2,1,0,1941
אופיר,32.0668835,34.7687775,1,2,1,0,1942
אופיר,32.0668835,34.7687775,1,2,1,0,1943
אופיר,32.0668835,34.7687775,1,2,1,0,1944
אופיר,32.0668835,34.7687775,1,2,1,0,1945
אופיר,32.0668835,34.7687775,1,2,1,0,1946
אופיר,32.0668835,34.7687775,1,2,1,0,1947
אופיר,32.0668835,34.7687775,1,2,1,0,1948
אופיר,32.0668835,34.7687775,1,2,1,0,1949
אופיר,32.0668835,34.7687775,1,2,1,0,1950
אופיר,32.0668835,34.7687775,1,2,1,0,1951
אופיר,32.0668835,34.7687775,1,2,1,0,1952
אופיר,32.0668835,34.7687775,1,2,1,0,1953
אופיר,32.0668835,34.7687775,1,2,1,0,1954
אופיר,32.0668835,34.7687775,1,2,1,0,1955
אופיר,32.0668835,34.7687775,1,2,1,0,1956
אופיר,32.0668835,34.7687775,1,2,1,0,1957
אופיר,32.0668835,34.7687775,1,2,1,0,1958
אופיר,32.0668835,34.7687775,1,2,1,0,1959
אופיר,32.0668835,34.7687775,1,2,1,0,1960
אופיר,32.0668835,34.7687775,1,2,1,0,1961
אופיר,32.0668835,34.7687775,1,2,1,0,1962
אופיר,32.0668835,34.7687775,1,2,1,0,1963
אופיר,32.0668835,34.7687775,1,2,1,0,1964
אופיר,32.0668835,34.7687775,1,2,1,0,1965
אופיר,32.0668835,34.7687775,1,2,1,0,1966
אופיר,32.0668835,34.7687775,1,2,1,0,1967
אופיר,32.0668835,34.7687775,1,2,1,0,1968
אופיר,32.0668835,34.7687775,1,2,1,0,1969
אופיר,32.0668835,34.7687775,1,2,1,0,1970
אופיר,32.0668835,34.7687775,1,2,1,0,1971
אופיר,32.0668835,34.7687775,1,2,1,0,1972
אופיר,32.0668835,34.7687775,1,2,1,0,1973
אופיר,32.0668835,34.7687775,1,2,1,0,1974
אופיר,32.0668835,34.7687775,1,2,1,0,1975
אופיר,32.0668835,34.7687775,1,2,1,0,1976
אופיר,32.0668835,34.7687775,1,2,1,0,1977
אופיר,32.0668835,34.7687775,1,2,1,0,1978
אופיר,32.0668835,34.7687775,1,2,1,0,1979
אופיר,32.0668835,34.7687775,1,2,1,0,1980
אורה,32.0664911,34.7707986,1,3,1,0,1942
אורה,32.0664911,34.7707986,1,3,1,0,1943
אורה,32.0664911,34.7707986,1,3,1,0,1944
אוריון,32.0713195,34.7701003,1,4,1,0,1943
אוריון,32.0713195,34.7701003,1,4,1,0,1944
אוריון,32.0713195,34.7701003,1,4,1,0,1945
אוריון,32.0713195,34.7701003,1,4,1,0,1946
אוריון,32.0713195,34.7701003,1,4,1,0,1947
אוריון,32.0713195,34.7701003,1,4,1,0,1948
אוריון,32.0713195,34.7701003,1,4,1,0,1949
אוריון,32.0713195,34.7701003,1,4,1,0,1950
אוריון,32.0713195,34.7701003,1,4,1,0,1951
אוריון,32.0713195,34.7701003,1,4,1,0,1952
אוריון,32.0713195,34.7701003,1,4,1,0,1953
אוריון,32.0713195,34.7701003,1,4,1,0,1954
אוריון,32.0713195,34.7701003,1,4,1,0,1955
אוריון,32.0713195,34.7701003,1,4,1,0,1956
אוריון,32.0713195,34.7701003,1,4,1,0,1957
אוריון,32.0713195,34.7701003,1,4,1,0,1958
אוריון,32.0713195,34.7701003,1,4,1,0,1959
אוריון,32.0713195,34.7701003,1,4,1,0,1960
אוריון,32.0713195,34.7701003,1,4,1,0,1961
אוריון,32.0713195,34.7701003,1,4,1,0,1962
אוריון,32.0713195,34.7701003,1,4,1,0,1963
אוריון,32.0713195,34.7701003,1,4,1,0,1964
אוריון,32.0713195,34.7701003,1,4,1,0,1965
אוריון,32.0713195,34.7701003,1,4,1,0,1966
אוריון,32.0713195,34.7701003,1,4,1,0,1967
אוריון,32.0713195,34.7701003,1,4,1,0,1968
אוריון,32.0713195,34.7701003,1,4,1,0,1969
אוריון,32.0713195,34.7701003,1,4,1,0,1970
אורלי,32.0713195,34.7701003,1,5,1,0,1971
אורלי,32.0713195,34.7701003,1,5,1,0,1972
אורלי,32.0713195,34.7701003,1,5,1,0,1973
אורלי,32.0713195,34.7701003,1,5,1,0,1974
אורלי,32.0713195,34.7701003,1,5,1,0,1975
אורלי,32.0713195,34.7701003,1,5,1,0,1976
אורלי,32.0713195,34.7701003,1,5,1,0,1977
אורלי,32.0713195,34.7701003,1,5,1,0,1978
אורלי,32.0713195,34.7701003,1,5,1,0,1979
אורלי,32.0713195,34.7701003,1,5,1,0,1980
אורלי,32.0713195,34.7701003,1,5,1,0,1981
אורלי,32.0713195,34.7701003,1,5,1,0,1982
אורלי,32.0713195,34.7701003,1,5,1,0,1983
אורלי,32.0713195,34.7701003,1,5,1,0,1984
אורלי,32.0713195,34.7701003,1,5,1,0,1985
אורלי,32.0713195,34.7701003,1,5,1,0,1986
אורלי,32.0713195,34.7701003,1,5,1,0,1987
אורלי,32.0713195,34.7701003,1,5,1,0,1988
אורלי,32.0713195,34.7701003,1,5,1,0,1989
אורלי,32.0713195,34.7701003,1,5,1,0,1990
אורלי,32.0713195,34.7701003,1,5,1,0,1991
אילת,32.0511495,34.7517343,1,6,1,0,1954
אילת,32.0511495,34.7517343,1,6,1,0,1955
אילת,32.0511495,34.7517343,1,6,1,0,1956
אילת,32.0511495,34.7517343,1,6,1,0,1957
אילת,32.0511495,34.7517343,1,6,1,0,1958
אילת,32.0511495,34.7517343,1,6,1,0,1959
אילת,32.0511495,34.7517343,1,6,1,0,1960
אילת,32.0511495,34.7517343,1,6,1,0,1961
אילת,32.0511495,34.7517343,1,6,1,0,1962
אילת,32.0511495,34.7517343,1,6,1,0,1963
אילת,32.0511495,34.7517343,1,6,1,0,1964
אילת,32.0511495,34.7517343,1,6,1,0,1965
אילת,32.0511495,34.7517343,1,6,1,0,1966
אילת,32.0511495,34.7517343,1,6,1,0,1967
אילת,32.0511495,34.7517343,1,6,1,0,1968
אילת,32.0511495,34.7517343,1,6,1,0,1969
אילת,32.0511495,34.7517343,1,6,1,0,1970
אלהמברה,32.0518144,34.7573814,1,7,1,0,1936
אלהמברה,32.0518144,34.7573814,1,7,1,0,1937
אלהמברה,32.0518144,34.7573814,1,7,1,0,1938
אלהמברה,32.0518144,34.7573814,1,7,1,0,1939
אלהמברה,32.0518144,34.7573814,1,7,1,0,1940
אלהמברה,32.0518144,34.7573814,1,7,1,0,1941
אלהמברה,32.0518144,34.7573814,1,7,1,0,1942
אלהמברה,32.0518144,34.7573814,1,7,1,0,1943
אלהמברה,32.0518144,34.7573814,1,7,1,0,1944
אלהמברה,32.0518144,34.7573814,1,7,1,0,1945
אלהמברה,32.0518144,34.7573814,1,7,1,0,1946
אלהמברה,32.0518144,34.7573814,1,7,1,0,1947
אלהמברה,32.0518144,34.7573814,1,7,1,0,1948
אלהמברה,32.0518144,34.7573814,1,7,1,0,1949
אלהמברה,32.0518144,34.7573814,1,7,1,0,1950
אלהמברה,32.0518144,34.7573814,1,7,1,0,1951
אלהמברה,32.0518144,34.7573814,1,7,1,0,1952
אלהמברה,32.0518144,34.7573814,1,7,1,0,1953
אלהמברה,32.0518144,34.7573814,1,7,1,0,1954
אלהמברה,32.0518144,34.7573814,1,7,1,0,1955
אלהמברה,32.0518144,34.7573814,1,7,1,0,1956
אלהמברה,32.0518144,34.7573814,1,7,1,0,1957
אלהמברה,32.0518144,34.7573814,1,7,1,0,1958
אלהמברה,32.0518144,34.7573814,1,7,1,0,1959
אלהמברה,32.0518144,34.7573814,1,7,1,0,1960
אלהמברה,32.0518144,34.7573814,1,7,1,0,1961
אלהמברה,32.0518144,34.7573814,1,7,1,0,1962
אלהמברה,32.0518144,34.7573814,1,7,1,0,1963
אלנבי,32.070594,34.770221,1,8,1,0,1935
אלנבי,32.070594,34.770221,1,8,1,0,1936
אלנבי,32.070594,34.770221,1,8,1,0,1937
אלנבי,32.070594,34.770221,1,8,1,0,1938
אלנבי,32.070594,34.770221,1,8,1,0,1939
אלנבי,32.070594,34.770221,1,8,1,0,1940
אלנבי,32.070594,34.770221,1,8,1,0,1941
אלנבי,32.070594,34.770221,1,8,1,0,1942
אלנבי,32.070594,34.770221,1,8,1,0,1943
אלנבי,32.070594,34.770221,1,8,1,0,1944
אלנבי,32.070594,34.770221,1,8,1,0,1945
אלנבי,32.070594,34.770221,1,8,1,0,1946
אלנבי,32.070594,34.770221,1,8,1,0,1947
אלנבי,32.070594,34.770221,1,8,1,0,1948
אלנבי,32.070594,34.770221,1,8,1,0,1949
אלנבי,32.070594,34.770221,1,8,1,0,1950
אלנבי,32.070594,34.770221,1,8,1,0,1951
אלנבי,32.070594,34.770221,1,8,1,0,1952
אלנבי,32.070594,34.770221,1,8,1,0,1953
אלנבי,32.070594,34.770221,1,8,1,0,1954
אלנבי,32.070594,34.770221,1,8,1,0,1955
אלנבי,32.070594,34.770221,1,8,1,0,1956
אלנבי,32.070594,34.770221,1,8,1,0,1957
אלנבי,32.070594,34.770221,1,8,1,0,1958
אלנבי,32.070594,34.770221,1,8,1,0,1959
אלנבי,32.070594,34.770221,1,8,1,0,1960
אלנבי,32.070594,34.770221,1,8,1,0,1961
אלנבי,32.070594,34.770221,1,8,1,0,1962
אלנבי,32.070594,34.770221,1,8,1,0,1963
אלנבי,32.070594,34.770221,1,8,1,0,1964
אלנבי,32.070594,34.770221,1,8,1,0,1965
אלנבי,32.070594,34.770221,1,8,1,0,1966
אלנבי,32.070594,34.770221,1,8,1,0,1967
אלנבי,32.070594,34.770221,1,8,1,0,1968
אלנבי,32.070594,34.770221,1,8,1,0,1969
אלנבי,32.070594,34.770221,1,8,1,0,1970
אלנבי,32.070594,34.770221,1,8,1,0,1971
אלנבי,32.070594,34.770221,1,8,1,0,1972
אלנבי,32.070594,34.770221,1,8,1,0,1973
אלנבי,32.070594,34.770221,1,8,1,0,1974
אלנבי,32.070594,34.770221,1,8,1,0,1975
אלנבי,32.070594,34.770221,1,8,1,0,1976
אלנבי,32.070594,34.770221,1,8,1,0,1977
אלנבי,32.070594,34.770221,1,8,1,0,1978
אלנבי,32.070594,34.770221,1,8,1,0,1979
אלנבי,32.070594,34.770221,1,8,1,0,1980
אסתר,32.0780419,34.7726084,1,9,1,0,1939
אסתר,32.0780419,34.7726084,1,9,1,0,1940
אסתר,32.0780419,34.7726084,1,9,1,0,1941
אסתר,32.0780419,34.7726084,1,9,1,0,1942
אסתר,32.0780419,34.7726084,1,9,1,0,1943
אסתר,32.0780419,34.7726084,1,9,1,0,1944
אסתר,32.0780419,34.7726084,1,9,1,0,1945
אסתר,32.0780419,34.7726084,1,9,1,0,1946
אסתר,32.0780419,34.7726084,1,9,1,0,1947
אסתר,32.0780419,34.7726084,1,9,1,0,1948
אסתר,32.0780419,34.7726084,1,9,1,0,1949
אסתר,32.0780419,34.7726084,1,9,1,0,1950
אסתר,32.0780419,34.7726084,1,9,1,0,1951
אסתר,32.0780419,34.7726084,1,9,1,0,1952
אסתר,32.0780419,34.7726084,1,9,1,0,1953
אסתר,32.0780419,34.7726084,1,9,1,0,1954
אסתר,32.0780419,34.7726084,1,9,1,0,1955
אסתר,32.0780419,34.7726084,1,9,1,0,1956
אסתר,32.0780419,34.7726084,1,9,1,0,1957
אסתר,32.0780419,34.7726084,1,9,1,0,1958
אסתר,32.0780419,34.7726084,1,9,1,0,1959
אסתר,32.0780419,34.7726084,1,9,1,0,1960
אסתר,32.0780419,34.7726084,1,9,1,0,1961
אסתר,32.0780419,34.7726084,1,9,1,0,1962
אסתר,32.0780419,34.7726084,1,9,1,0,1963
אסתר,32.0780419,34.7726084,1,9,1,0,1964
אסתר,32.0780419,34.7726084,1,9,1,0,1965
אסתר,32.0780419,34.7726084,1,9,1,0,1966
אסתר,32.0780419,34.7726084,1,9,1,0,1967
אסתר,32.0780419,34.7726084,1,9,1,0,1968
אסתר,32.0780419,34.7726084,1,9,1,0,1969
אסתר,32.0780419,34.7726084,1,9,1,0,1970
אסתר,32.0780419,34.7726084,1,9,1,0,1971
אסתר,32.0780419,34.7726084,1,9,1,0,1972
אסתר,32.0780419,34.7726084,1,9,1,0,1973
אסתר,32.0780419,34.7726084,1,9,1,0,1974
אסתר,32.0780419,34.7726084,1,9,1,0,1975
אסתר,32.0780419,34.7726084,1,9,1,0,1976
אסתר,32.0780419,34.7726084,1,9,1,0,1977
אסתר,32.0780419,34.7726084,1,9,1,0,1978
אסתר,32.0780419,34.7726084,1,9,1,0,1979
אסתר,32.0780419,34.7726084,1,9,1,0,1980
אסתר,32.0780419,34.7726084,1,9,1,0,1981
אסתר,32.0780419,34.7726084,1,9,1,0,1982
אסתר,32.0780419,34.7726084,1,9,1,0,1983
אסתר,32.0780419,34.7726084,1,9,1,0,1984
אסתר,32.0780419,34.7726084,1,9,1,0,1985
אסתר,32.0780419,34.7726084,1,9,1,0,1986
אסתר,32.0780419,34.7726084,1,9,1,0,1987
אסתר,32.0780419,34.7726084,1,9,1,0,1988
אסתר,32.0780419,34.7726084,1,9,1,0,1989
אסתר,32.0780419,34.7726084,1,9,1,0,1990
אסתר,32.0780419,34.7726084,1,9,1,0,1991
אסתר,32.0780419,34.7726084,1,9,1,0,1992
אסתר,32.0780419,34.7726084,1,9,1,0,1993
אסתר,32.0780419,34.7726084,1,9,1,0,1994
אסתר,32.0780419,34.7726084,1,9,1,0,1995
אסתר,32.0780419,34.7726084,1,9,1,0,1996
אסתר,32.0780419,34.7726084,1,9,1,0,1997
אסתר,32.0780419,34.7726084,1,9,1,0,1998
ארגמן,32.0549675,34.7647173,1,10,1,0,1950
ארגמן,32.0549675,34.7647173,1,10,1,0,1951
ארגמן,32.0549675,34.7647173,1,10,1,0,1952
ארגמן,32.0549675,34.7647173,1,10,1,0,1953
ארגמן,32.0549675,34.7647173,1,10,1,0,1954
ארגמן,32.0549675,34.7647173,1,10,1,0,1955
ארגמן,32.0549675,34.7647173,1,10,1,0,1956
ארגמן,32.0549675,34.7647173,1,10,1,0,1957
ארגמן,32.0549675,34.7647173,1,10,1,0,1958
ארגמן,32.0549675,34.7647173,1,10,1,0,1959
ארגמן,32.0549675,34.7647173,1,10,1,0,1960
ארגמן,32.0549675,34.7647173,1,10,1,0,1961
ארגמן,32.0549675,34.7647173,1,10,1,0,1962
ארגמן,32.0549675,34.7647173,1,10,1,0,1963
ארגמן,32.0549675,34.7647173,1,10,1,0,1964
ארגמן,32.0549675,34.7647173,1,10,1,0,1965
ארגמן,32.0549675,34.7647173,1,10,1,0,1966
ארגמן,32.0549675,34.7647173,1,10,1,0,1967
ארגמן,32.0549675,34.7647173,1,10,1,0,1968
ארגמן,32.0549675,34.7647173,1,10,1,0,1969
ארגמן,32.0549675,34.7647173,1,10,1,0,1970
ארמון דוד,32.0869651,34.7726572,1,11,1,0,1950
ארמון דוד,32.0869651,34.7726572,1,11,1,0,1951
ארמון דוד,32.0869651,34.7726572,1,11,1,0,1952
ארמון דוד,32.0869651,34.7726572,1,11,1,0,1953
ארמון דוד,32.0869651,34.7726572,1,11,1,0,1954
ארמון דוד,32.0869651,34.7726572,1,11,1,0,1955
ארמון דוד,32.0869651,34.7726572,1,11,1,0,1956
ארמון דוד,32.0869651,34.7726572,1,11,1,0,1957
ארמון דוד,32.0869651,34.7726572,1,11,1,0,1958
ארמון דוד,32.0869651,34.7726572,1,11,1,0,1959
ארמון דוד,32.0869651,34.7726572,1,11,1,0,1960
ארמון דוד,32.0869651,34.7726572,1,11,1,0,1961
ארמון דוד,32.0869651,34.7726572,1,11,1,0,1962
ארמון דוד,32.0869651,34.7726572,1,11,1,0,1963
ארמון דוד,32.0869651,34.7726572,1,11,1,0,1964
ארמון דוד,32.0869651,34.7726572,1,11,1,0,1965
ארמון דוד,32.0869651,34.7726572,1,11,1,0,1966
ארמון דוד,32.0869651,34.7726572,1,11,1,0,1967
ארמון דוד,32.0869651,34.7726572,1,11,1,0,1968
ארמון דוד,32.0869651,34.7726572,1,11,1,0,1969
ארמון דוד,32.0869651,34.7726572,1,11,1,0,1970
בית העם,32.0765102,34.7660842,1,12,1,0,1925
בית העם,32.0765102,34.7660842,1,12,1,0,1926
בית העם,32.0765102,34.7660842,1,12,1,0,1927
בית העם,32.0765102,34.7660842,1,12,1,0,1928
בית העם,32.0765102,34.7660842,1,12,1,0,1929
בית העם,32.0765102,34.7660842,1,12,1,0,1930
בית העם,32.0765102,34.7660842,1,12,1,0,1931
בית העם,32.0765102,34.7660842,1,12,1,0,1932
בית העם,32.0765102,34.7660842,1,12,1,0,1933
בית העם,32.0765102,34.7660842,1,12,1,0,1934
בית העם,32.0765102,34.7660842,1,12,1,0,1935
בית העם,32.0765102,34.7660842,1,12,1,0,1936
בית העם,32.0765102,34.7660842,1,12,1,0,1937
בית העם,32.0765102,34.7660842,1,12,1,0,1938
בית העם,32.0765102,34.7660842,1,12,1,0,1939
בית העם,32.0765102,34.7660842,1,12,1,0,1940
בית העם,32.0765102,34.7660842,1,12,1,0,1941
בית העם,32.0765102,34.7660842,1,12,1,0,1942
בית העם,32.0765102,34.7660842,1,12,1,0,1943
בית העם,32.0765102,34.7660842,1,12,1,0,1944
בית העם,32.0765102,34.7660842,1,12,1,0,1945
בית העם,32.0765102,34.7660842,1,12,1,0,1946
בית העם,32.0765102,34.7660842,1,12,1,0,1947
בית העם,32.0765102,34.7660842,1,12,1,0,1948
בית העם,32.0765102,34.7660842,1,12,1,0,1949
בית העם,32.0765102,34.7660842,1,12,1,0,1950
בית העם,32.0765102,34.7660842,1,12,1,0,1951
בית העם,32.0765102,34.7660842,1,12,1,0,1952
בית העם,32.0765102,34.7660842,1,12,1,0,1953
בית העם,32.0765102,34.7660842,1,12,1,0,1954
בית ציוני אמריקה,32.0745562,34.7800639,1,13,2,0,1980
בית ציוני אמריקה,32.0745562,34.7800639,1,13,2,0,1981
בית ציוני אמריקה,32.0745562,34.7800639,1,13,2,0,1982
בית ציוני אמריקה,32.0745562,34.7800639,1,13,2,0,1983
בית ציוני אמריקה,32.0745562,34.7800639,1,13,2,0,1984
בית ציוני אמריקה,32.0745562,34.7800639,1,13,2,0,1985
בית ציוני אמריקה,32.0745562,34.7800639,1,13,2,0,1986
בית ציוני אמריקה,32.0745562,34.7800639,1,13,2,0,1987
בית ציוני אמריקה,32.0745562,34.7800639,1,13,2,0,1988
בית ציוני אמריקה,32.0745562,34.7800639,1,13,2,0,1989
בית ציוני אמריקה,32.0745562,34.7800639,1,13,2,0,1990
בית ציוני אמריקה,32.0745562,34.7800639,1,14,2,0,2012
בית ציוני אמריקה,32.0745562,34.7800639,1,14,2,0,2013
בית ציוני אמריקה,32.0745562,34.7800639,1,14,2,0,2014
בית ציוני אמריקה,32.0745562,34.7800639,1,14,2,0,2015
גורדון,32.082564,34.77105,1,16,1,0,1960
גורדון,32.082564,34.77105,1,16,1,0,1961
גורדון,32.082564,34.77105,1,16,1,0,1962
גורדון,32.082564,34.77105,1,16,1,0,1963
גורדון,32.082564,34.77105,1,16,1,0,1964
גורדון,32.082564,34.77105,1,16,1,0,1965
גורדון,32.082564,34.77105,1,16,1,0,1966
גורדון,32.082564,34.77105,1,16,1,0,1967
גורדון,32.082564,34.77105,1,16,1,0,1968
גורדון,32.082564,34.77105,1,16,1,0,1969
גורדון,32.082564,34.77105,1,16,1,0,1970
גורדון,32.082564,34.77105,1,16,1,0,1971
גורדון,32.082564,34.77105,1,16,1,0,1972
גורדון,32.082564,34.77105,1,16,1,0,1973
גורדון,32.082564,34.77105,1,16,1,0,1974
גורדון,32.082564,34.77105,1,16,1,0,1975
גורדון,32.082564,34.77105,1,16,1,0,1976
גורדון,32.082564,34.77105,1,16,1,0,1977
גורדון,32.082564,34.77105,1,16,1,0,1978
גורדון,32.082564,34.77105,1,16,1,0,1979
גורדון,32.082564,34.77105,1,16,1,0,1980
גל-רון,32.0397345,34.7460408,1,17,1,0,1957
גל-רון,32.0397345,34.7460408,1,17,1,0,1958
גל-רון,32.0397345,34.7460408,1,17,1,0,1959
גל-רון,32.0397345,34.7460408,1,17,1,0,1960
גל-רון,32.0397345,34.7460408,1,17,1,0,1961
גל-רון,32.0397345,34.7460408,1,17,1,0,1962
גל-רון,32.0397345,34.7460408,1,17,1,0,1963
גל-רון,32.0397345,34.7460408,1,17,1,0,1964
גל-רון,32.0397345,34.7460408,1,17,1,0,1965
גל-רון,32.0397345,34.7460408,1,17,1,0,1966
גל-רון,32.0397345,34.7460408,1,17,1,0,1967
גל-רון,32.0397345,34.7460408,1,17,1,0,1968
גל-רון,32.0397345,34.7460408,1,17,1,0,1969
גל-רון,32.0397345,34.7460408,1,17,1,0,1970
גלובוס,32.0745883,34.7898281,1,18,5,0,1999
גלובוס,32.0745883,34.7898281,1,18,5,0,2000
גלובוס,32.0745883,34.7898281,1,18,5,0,2001
גלובוס,32.0745883,34.7898281,1,18,5,0,2002
גלובוס,32.0745883,34.7898281,1,18,5,0,2003
גלובוס,32.0745883,34.7898281,1,18,5,0,2004
גלובוס,32.0745883,34.7898281,1,18,5,0,2005
גלובוס,32.0745883,34.7898281,1,18,5,0,2006
גלובוס,32.0745883,34.7898281,1,18,5,0,2007
גלובוס,32.0745883,34.7898281,1,18,5,0,2008
גלובוס,32.0745883,34.7898281,1,18,5,0,2009
גן העיר,32.0824666,34.7786755,1,19,2,0,1990
גן העיר,32.0824666,34.7786755,1,19,2,0,1991
גן העיר,32.0824666,34.7786755,1,19,2,0,1992
גן העיר,32.0824666,34.7786755,1,19,2,0,1993
גן העיר,32.0824666,34.7786755,1,19,2,0,1994
גן העיר,32.0824666,34.7786755,1,19,2,0,1995
גן רינה,32.076667,34.7652653,1,20,1,1500,1929
גן רינה,32.076667,34.7652653,1,20,1,1500,1930
גן רינה,32.076667,34.7652653,1,20,1,1500,1931
גן רינה,32.076667,34.7652653,1,20,1,1500,1932
גן רינה,32.076667,34.7652653,1,20,1,1500,1933
גן רינה,32.076667,34.7652653,1,20,1,1500,1934
גן רינה,32.076667,34.7652653,1,20,1,1500,1935
גן רינה,32.076667,34.7652653,1,20,1,1500,1936
גן רינה,32.076667,34.7652653,1,20,1,1500,1937
גן רינה,32.076667,34.7652653,1,20,1,1500,1938
גן רינה,32.076667,34.7652653,1,20,1,1500,1939
גן רינה,32.076667,34.7652653,1,20,1,1500,1940
גן רינה,32.076667,34.7652653,1,20,1,1500,1941
גן רינה,32.076667,34.7652653,1,20,1,1500,1942
גן רינה,32.076667,34.7652653,1,20,1,1500,1943
גן רינה,32.076667,34.7652653,1,20,1,1500,1944
גן רינה,32.076667,34.7652653,1,20,1,1500,1945
גן רינה,32.076667,34.7652653,1,20,1,1500,1946
גן רינה,32.076667,34.7652653,1,20,1,1500,1947
גן רינה,32.076667,34.7652653,1,20,1,1500,1948
גן רינה,32.076667,34.7652653,1,20,1,1500,1949
גן רינה,32.076667,34.7652653,1,20,1,1500,1950
גן רינה,32.076667,34.7652653,1,20,1,1500,1951
גן רינה,32.076667,34.7652653,1,20,1,1500,1952
גן רינה,32.076667,34.7652653,1,20,1,1500,1953
גן רינה,32.076667,34.7652653,1,20,1,1500,1954
גן רינה,32.076667,34.7652653,1,20,1,1500,1955
גן רינה,32.076667,34.7652653,1,20,1,1500,1956
גן רינה,32.076667,34.7652653,1,20,1,1500,1957
גן רינה,32.076667,34.7652653,1,20,1,1500,1958
גן רינה,32.076667,34.7652653,1,20,1,1500,1959
גן רינה,32.076667,34.7652653,1,20,1,1500,1960
גת,32.079419,34.7804967,1,21,1,0,1957
גת,32.079419,34.7804967,1,21,1,0,1958
גת,32.079419,34.7804967,1,21,1,0,1959
גת,32.079419,34.7804967,1,21,1,0,1960
גת,32.079419,34.7804967,1,21,1,0,1961
גת,32.079419,34.7804967,1,21,1,0,1962
גת,32.079419,34.7804967,1,21,1,0,1963
גת,32.079419,34.7804967,1,21,1,0,1964
גת,32.079419,34.7804967,1,21,1,0,1965
גת,32.079419,34.7804967,1,21,1,0,1966
גת,32.079419,34.7804967,1,21,1,0,1967
גת,32.079419,34.7804967,1,21,1,0,1968
גת,32.079419,34.7804967,1,21,1,0,1969
גת,32.079419,34.7804967,1,21,1,0,1970
גת,32.079419,34.7804967,1,21,1,0,1971
גת,32.079419,34.7804967,1,21,1,0,1972
גת,32.079419,34.7804967,1,21,1,0,1973
גת,32.079419,34.7804967,1,21,1,0,1974
גת,32.079419,34.7804967,1,21,1,0,1975
גת,32.079419,34.7804967,1,21,1,0,1976
גת,32.079419,34.7804967,1,21,1,0,1977
גת,32.079419,34.7804967,1,21,1,0,1978
גת,32.079419,34.7804967,1,21,1,0,1979
גת,32.079419,34.7804967,1,21,1,0,1980
גת,32.079419,34.7804967,1,21,1,0,1981
גת,32.079419,34.7804967,1,21,1,0,1982
גת,32.079419,34.7804967,1,21,1,0,1983
גת,32.079419,34.7804967,1,21,1,0,1984
גת,32.079419,34.7804967,1,21,1,0,1985
גת,32.079419,34.7804967,1,21,1,0,1986
גת,32.079419,34.7804967,1,21,1,0,1987
גת,32.079419,34.7804967,1,21,1,0,1988
גת,32.079419,34.7804967,1,21,1,0,1989
גת,32.079419,34.7804967,1,21,1,0,1990
גת,32.079419,34.7804967,1,21,1,0,1991
גת,32.079419,34.7804967,1,21,1,0,1992
גת,32.079419,34.7804967,1,21,1,0,1993
גת,32.079419,34.7804967,1,21,1,0,1994
גת,32.079419,34.7804967,1,21,1,0,1995
גת,32.079419,34.7804967,1,21,1,0,1996
גת,32.079419,34.7804967,1,21,1,0,1997
גת,32.079419,34.7804967,1,21,1,0,1998
גת,32.079419,34.7804967,1,21,1,0,1999
גת,32.079419,34.7804967,1,21,1,0,2000
גת,32.079419,34.7804967,1,21,1,0,2001
גת,32.079419,34.7804967,1,21,1,0,2002
גת,32.079419,34.7804967,1,21,1,0,2003
גת,32.079419,34.7804967,1,21,1,0,2004
גת,32.079419,34.7804967,1,21,1,0,2005
גת,32.079419,34.7804967,1,21,1,0,2006
גת,32.079419,34.7804967,1,21,1,0,2007
גת,32.079419,34.7804967,1,21,1,0,2008
גת,32.079419,34.7804967,1,21,1,0,2009
גת,32.079419,34.7804967,1,21,1,0,2010
גת,32.079419,34.7804967,1,21,1,0,2011
גת,32.079419,34.7804967,1,21,1,0,2012
גת,32.079419,34.7804967,1,21,1,0,2013
גת,32.079419,34.7804967,1,21,1,0,2014
גת,32.079419,34.7804967,1,21,1,0,2015
דן,32.0755017,34.7644356,1,23,1,0,1950
דן,32.0755017,34.7644356,1,23,1,0,1951
דן,32.0755017,34.7644356,1,23,1,0,1952
דן,32.0755017,34.7644356,1,23,1,0,1953
דן,32.0755017,34.7644356,1,23,1,0,1954
דן,32.0755017,34.7644356,1,23,1,0,1955
דן,32.0755017,34.7644356,1,23,1,0,1956
דן,32.0755017,34.7644356,1,23,1,0,1957
דן,32.0755017,34.7644356,1,23,1,0,1958
דן,32.0755017,34.7644356,1,23,1,0,1959
דן,32.0755017,34.7644356,1,23,1,0,1960
דן,32.0755017,34.7644356,1,23,1,0,1961
דן,32.0755017,34.7644356,1,23,1,0,1962
דן,32.0755017,34.7644356,1,23,1,0,1963
דן,32.0755017,34.7644356,1,23,1,0,1964
דן,32.0755017,34.7644356,1,23,1,0,1965
דן,32.0755017,34.7644356,1,23,1,0,1966
דן,32.0755017,34.7644356,1,23,1,0,1967
דן,32.0755017,34.7644356,1,23,1,0,1968
דן,32.0755017,34.7644356,1,23,1,0,1969
דן,32.0755017,34.7644356,1,23,1,0,1970
דן,32.0755017,34.7644356,1,23,1,0,1971
דן,32.0755017,34.7644356,1,23,1,0,1972
דן,32.0755017,34.7644356,1,23,1,0,1973
דן,32.0755017,34.7644356,1,23,1,0,1974
דן,32.0755017,34.7644356,1,23,1,0,1975
דן,32.0755017,34.7644356,1,23,1,0,1976
דן,32.0755017,34.7644356,1,23,1,0,1977
דן,32.0755017,34.7644356,1,23,1,0,1978
דן,32.0755017,34.7644356,1,23,1,0,1979
דן,32.0755017,34.7644356,1,23,1,0,1980
דקל,32.0950875,34.7962313,1,24,1,0,1970
דקל,32.0950875,34.7962313,1,24,1,0,1971
דקל,32.0950875,34.7962313,1,24,1,0,1972
דקל,32.0950875,34.7962313,1,24,1,0,1973
דקל,32.0950875,34.7962313,1,24,1,0,1974
דקל,32.0950875,34.7962313,1,24,1,0,1975
דקל,32.0950875,34.7962313,1,24,1,0,1976
דקל,32.0950875,34.7962313,1,24,1,0,1977
דקל,32.0950875,34.7962313,1,24,1,0,1978
דקל,32.0950875,34.7962313,1,24,1,0,1979
דקל,32.0950875,34.7962313,1,24,1,0,1980
דקל,32.0950875,34.7962313,1,24,1,0,1981
דקל,32.0950875,34.7962313,1,24,1,0,1982
דקל,32.0950875,34.7962313,1,24,1,0,1983
דקל,32.0950875,34.7962313,1,24,1,0,1984
דקל,32.0950875,34.7962313,1,24,1,0,1985
דקל,32.0950875,34.7962313,1,24,1,0,1986
דקל,32.0950875,34.7962313,1,24,1,0,1987
דקל,32.0950875,34.7962313,1,24,1,0,1988
דקל,32.0950875,34.7962313,1,24,1,0,1989
דקל,32.0950875,34.7962313,1,24,1,0,1990
דקל,32.0950875,34.7962313,1,24,1,0,1991
דקל,32.0950875,34.7962313,1,24,1,0,1992
דקל,32.0950875,34.7962313,1,24,1,0,1993
דקל,32.0950875,34.7962313,1,24,1,0,1994
דקל,32.0950875,34.7962313,1,24,1,0,1995
דקל,32.0950875,34.7962313,1,24,1,0,1996
דרייב אין,32.0602476,34.7890213,1,26,1,0,1973
דרייב אין,32.0602476,34.7890213,1,26,1,0,1974
דרייב אין,32.0602476,34.7890213,1,26,1,0,1975
דרייב אין,32.0602476,34.7890213,1,26,1,0,1976
דרייב אין,32.0602476,34.7890213,1,26,1,0,1977
דרייב אין,32.0602476,34.7890213,1,26,1,0,1978
דרייב אין,32.0602476,34.7890213,1,26,1,0,1979
דרייב אין,32.0602476,34.7890213,1,26,1,0,1980
דרייב אין,32.0602476,34.7890213,1,26,1,0,1981
דרייב אין,32.0602476,34.7890213,1,26,1,0,1982
דרייב אין,32.0602476,34.7890213,1,26,1,0,1983
דרייב אין,32.0602476,34.7890213,1,26,1,0,1984
דרייב אין,32.0602476,34.7890213,1,26,1,0,1985
דרייב אין,32.0602476,34.7890213,1,26,1,0,1986
דרייב אין,32.0602476,34.7890213,1,26,1,0,1987
דרייב אין,32.0602476,34.7890213,1,26,1,0,1988
דרייב אין,32.0602476,34.7890213,1,26,1,0,1989
דרייב אין,32.0602476,34.7890213,1,26,1,0,1990
דרייב אין,32.0602476,34.7890213,1,26,1,0,1991
דרייב אין,32.0602476,34.7890213,1,26,1,0,1992
דרייב אין,32.0602476,34.7890213,1,26,1,0,1993
דרייב אין,32.0602476,34.7890213,1,26,1,0,1994
דרייב אין,32.0602476,34.7890213,1,26,1,0,1995
דרייב אין,32.0602476,34.7890213,1,26,1,0,1996
דרייב אין,32.0602476,34.7890213,1,26,1,0,1997
דרייב אין,32.0602476,34.7890213,1,26,1,0,1998
דרייב אין,32.0602476,34.7890213,1,26,1,0,1999
דרייב אין,32.0602476,34.7890213,1,26,1,0,2000
הוד,32.0793175,34.7717603,1,27,1,0,1961
הוד,32.0793175,34.7717603,1,27,1,0,1962
הוד,32.0793175,34.7717603,1,27,1,0,1963
הוד,32.0793175,34.7717603,1,27,1,0,1964
הוד,32.0793175,34.7717603,1,27,1,0,1965
הוד,32.0793175,34.7717603,1,27,1,0,1966
הוד,32.0793175,34.7717603,1,27,1,0,1967
הוד,32.0793175,34.7717603,1,27,1,0,1968
הוד,32.0793175,34.7717603,1,27,1,0,1969
הוד,32.0793175,34.7717603,1,27,1,0,1970
הוד,32.0793175,34.7717603,1,27,1,0,1971
הוד,32.0793175,34.7717603,1,27,1,0,1972
הוד,32.0793175,34.7717603,1,27,1,0,1973
הוד,32.0793175,34.7717603,1,27,1,0,1974
הוד,32.0793175,34.7717603,1,27,1,0,1975
הוד,32.0793175,34.7717603,1,27,1,0,1976
הוד,32.0793175,34.7717603,1,27,1,0,1977
הוד,32.0793175,34.7717603,1,27,1,0,1978
הוד,32.0793175,34.7717603,1,27,1,0,1979
הוד,32.0793175,34.7717603,1,27,1,0,1980
הוד,32.0793175,34.7717603,1,27,1,0,1981
הוד,32.0793175,34.7717603,1,27,1,0,1982
הוד,32.0793175,34.7717603,1,27,1,0,1983
הוד,32.0793175,34.7717603,1,27,1,0,1984
הוד,32.0793175,34.7717603,1,27,1,0,1985
הוד,32.0793175,34.7717603,1,27,1,0,1986
הוד,32.0793175,34.7717603,1,27,1,0,1987
הוד,32.0793175,34.7717603,1,27,1,0,1988
הוד,32.0793175,34.7717603,1,27,1,0,1989
הוד,32.0793175,34.7717603,1,27,1,0,1990
הוד,32.0793175,34.7717603,1,28,4,0,1990
הוד,32.0793175,34.7717603,1,28,4,0,1991
הוד,32.0793175,34.7717603,1,28,4,0,1992
הוד,32.0793175,34.7717603,1,28,4,0,1993
הוד,32.0793175,34.7717603,1,28,4,0,1994
הוד,32.0793175,34.7717603,1,28,4,0,1995
הוד,32.0793175,34.7717603,1,28,4,0,1996
הוד,32.0793175,34.7717603,1,28,4,0,1997
הוד,32.0793175,34.7717603,1,28,4,0,1998
הוד,32.0793175,34.7717603,1,28,4,0,1999
הוד,32.0793175,34.7717603,1,28,4,0,2000
הוד,32.0793175,34.7717603,1,28,4,0,2001
הוד,32.0793175,34.7717603,1,28,4,0,2002
הוד,32.0793175,34.7717603,1,28,4,0,2003
הוד,32.0793175,34.7717603,1,28,4,0,2004
הוד,32.0793175,34.7717603,1,28,4,0,2005
הוד,32.0793175,34.7717603,1,28,4,0,2006
הוד,32.0793175,34.7717603,1,28,4,0,2007
הסינרמה,32.0646035,34.7891593,1,29,1,0,1966
הסינרמה,32.0646035,34.7891593,1,29,1,0,1967
הסינרמה,32.0646035,34.7891593,1,29,1,0,1968
הסינרמה,32.0646035,34.7891593,1,29,1,0,1969
הסינרמה,32.0646035,34.7891593,1,29,1,0,1970
הסינרמה,32.0646035,34.7891593,1,29,1,0,1971
זוהר,32.0549661,34.7727874,1,30,1,0,1948
זוהר,32.0549661,34.7727874,1,30,1,0,1949
זוהר,32.0549661,34.7727874,1,30,1,0,1950
זוהר,32.0549661,34.7727874,1,30,1,0,1951
זוהר,32.0549661,34.7727874,1,30,1,0,1952
זוהר,32.0549661,34.7727874,1,30,1,0,1953
זוהר,32.0549661,34.7727874,1,30,1,0,1954
זוהר,32.0549661,34.7727874,1,30,1,0,1955
זוהר,32.0549661,34.7727874,1,30,1,0,1956
זוהר,32.0549661,34.7727874,1,30,1,0,1957
זוהר,32.0549661,34.7727874,1,30,1,0,1958
זוהר,32.0549661,34.7727874,1,30,1,0,1959
זוהר,32.0549661,34.7727874,1,30,1,0,1960
זוהר,32.0549661,34.7727874,1,30,1,0,1961
זוהר,32.0549661,34.7727874,1,30,1,0,1962
זוהר,32.0549661,34.7727874,1,30,1,0,1963
זוהר,32.0549661,34.7727874,1,30,1,0,1964
זוהר,32.0549661,34.7727874,1,30,1,0,1965
זוהר,32.0549661,34.7727874,1,30,1,0,1966
זוהר,32.0549661,34.7727874,1,30,1,0,1967
זוהר,32.0549661,34.7727874,1,30,1,0,1968
זוהר,32.0549661,34.7727874,1,30,1,0,1969
זוהר,32.0549661,34.7727874,1,30,1,0,1970
זוהר,32.0549661,34.7727874,1,30,1,0,1971
זוהר,32.0549661,34.7727874,1,30,1,0,1972
זוהר,32.0549661,34.7727874,1,30,1,0,1973
זוהר,32.0549661,34.7727874,1,30,1,0,1974
זוהר,32.0549661,34.7727874,1,30,1,0,1975
זמיר,32.0728086,34.7662056,1,31,1,0,1952
זמיר,32.0728086,34.7662056,1,31,1,0,1953
זמיר,32.0728086,34.7662056,1,31,1,0,1954
זמיר,32.0728086,34.7662056,1,31,1,0,1955
זמיר,32.0728086,34.7662056,1,31,1,0,1956
זמיר,32.0728086,34.7662056,1,31,1,0,1957
זמיר,32.0728086,34.7662056,1,31,1,0,1958
זמיר,32.0728086,34.7662056,1,31,1,0,1959
זמיר,32.0728086,34.7662056,1,31,1,0,1960
זמיר,32.0728086,34.7662056,1,31,1,0,1961
זמיר,32.0728086,34.7662056,1,31,1,0,1962
זמיר,32.0728086,34.7662056,1,31,1,0,1963
זמיר,32.0728086,34.7662056,1,31,1,0,1964
זמיר,32.0728086,34.7662056,1,31,1,0,1965
זמיר,32.0728086,34.7662056,1,31,1,0,1966
זמיר,32.0728086,34.7662056,1,31,1,0,1967
זמיר,32.0728086,34.7662056,1,31,1,0,1968
זמיר,32.0728086,34.7662056,1,31,1,0,1969
זמיר,32.0728086,34.7662056,1,31,1,0,1970
זמיר,32.0728086,34.7662056,1,31,1,0,1971
זמיר,32.0728086,34.7662056,1,31,1,0,1972
זמיר,32.0728086,34.7662056,1,31,1,0,1973
זמיר,32.0728086,34.7662056,1,31,1,0,1974
זמיר,32.0728086,34.7662056,1,31,1,0,1975
זמיר,32.0728086,34.7662056,1,31,1,0,1976
זמיר,32.0728086,34.7662056,1,31,1,0,1977
זמיר,32.0728086,34.7662056,1,31,1,0,1978
זמיר,32.0728086,34.7662056,1,31,1,0,1979
זמיר,32.0728086,34.7662056,1,31,1,0,1980
ירון,32.0730436,34.7628119,1,33,1,1042,1958
ירון,32.0730436,34.7628119,1,33,1,1042,1959
ירון,32.0730436,34.7628119,1,33,1,1042,1960
ירון,32.0730436,34.7628119,1,33,1,1042,1961
ירון,32.0730436,34.7628119,1,33,1,1042,1962
ירון,32.0730436,34.7628119,1,33,1,1042,1963
ירון,32.0730436,34.7628119,1,33,1,1042,1964
ירון,32.0730436,34.7628119,1,33,1,1042,1965
ירון,32.0730436,34.7628119,1,33,1,1042,1966
ירון,32.0730436,34.7628119,1,33,1,1042,1967
ירון,32.0730436,34.7628119,1,33,1,1042,1968
ירון,32.0730436,34.7628119,1,33,1,1042,1969
ירון,32.0730436,34.7628119,1,33,1,1042,1970
ירון,32.0730436,34.7628119,1,33,1,1042,1971
ירון,32.0730436,34.7628119,1,33,1,1042,1972
לב אביב,32.1128955,34.7949723,1,34,4,0,1997
לב אביב,32.1128955,34.7949723,1,34,4,0,1998
לב אביב,32.1128955,34.7949723,1,34,4,0,1999
לב אביב,32.1128955,34.7949723,1,34,4,0,2000
לב אביב,32.1128955,34.7949723,1,34,4,0,2001
לב אביב,32.1128955,34.7949723,1,34,4,0,2002
לב אביב,32.1128955,34.7949723,1,34,4,0,2003
לב אביב,32.1128955,34.7949723,1,34,4,0,2004
לב אביב,32.1128955,34.7949723,1,34,4,0,2005
לב אביב,32.1128955,34.7949723,1,34,4,0,2006
לב אביב,32.1128955,34.7949723,1,34,4,0,2007
לב דיזינגוף,32.0750602,34.7747506,1,35,5,0,1980
לב דיזינגוף,32.0750602,34.7747506,1,35,5,0,1981
לב דיזינגוף,32.0750602,34.7747506,1,35,5,0,1982
לב דיזינגוף,32.0750602,34.7747506,1,35,5,0,1983
לב דיזינגוף,32.0750602,34.7747506,1,35,5,0,1984
לב דיזינגוף,32.0750602,34.7747506,1,35,5,0,1985
לב דיזינגוף,32.0750602,34.7747506,1,35,5,0,1986
לב דיזינגוף,32.0750602,34.7747506,1,35,5,0,1987
לב דיזינגוף,32.0750602,34.7747506,1,35,5,0,1988
לב דיזינגוף,32.0750602,34.7747506,1,35,5,0,1989
לב דיזינגוף,32.0750602,34.7747506,1,35,5,0,1990
לב דיזינגוף,32.0750602,34.7747506,1,35,5,0,1991
לב דיזינגוף,32.0750602,34.7747506,1,35,5,0,1992
לב דיזינגוף,32.0750602,34.7747506,1,35,5,0,1993
לב דיזינגוף,32.0750602,34.7747506,1,35,5,0,1994
לב דיזינגוף,32.0750602,34.7747506,1,35,5,0,1995
לב דיזינגוף,32.0750602,34.7747506,1,35,5,0,1996
לב דיזינגוף,32.0750602,34.7747506,1,35,5,0,1997
לב דיזינגוף,32.0750602,34.7747506,1,35,5,0,1998
לב דיזינגוף,32.0750602,34.7747506,1,35,5,0,1999
לב דיזינגוף,32.0750602,34.7747506,1,35,5,0,2000
לב דיזינגוף,32.0750602,34.7747506,1,35,5,0,2001
לב דיזינגוף,32.0750602,34.7747506,1,35,5,0,2002
לב דיזינגוף,32.0750602,34.7747506,1,35,5,0,2003
לב דיזינגוף,32.0750602,34.7747506,1,35,5,0,2004
לב דיזינגוף,32.0750602,34.7747506,1,35,5,0,2005
לב דיזינגוף,32.0750602,34.7747506,1,35,5,0,2006
לב דיזינגוף,32.0750602,34.7747506,1,35,5,0,2007
לב דיזינגוף,32.0750602,34.7747506,1,35,5,0,2008
לב דיזינגוף,32.0750602,34.7747506,1,35,5,0,2009
לב דיזינגוף,32.0750602,34.7747506,1,35,5,0,2010
לב דיזינגוף,32.0750602,34.7747506,1,35,5,0,2011
לב דיזינגוף,32.0750602,34.7747506,1,35,5,0,2012
לב דיזינגוף,32.0750602,34.7747506,1,35,5,0,2013
לב דיזינגוף,32.0750602,34.7747506,1,35,5,0,2014
לב דיזינגוף,32.0750602,34.7747506,1,35,5,0,2015
לב דיזינגוף,32.0750602,34.7747506,1,35,5,0,2016
לב מנדרין,32.1433144,34.7910887,1,36,1,0,2008
לב מנדרין,32.1433144,34.7910887,1,36,1,0,2009
לב מנדרין,32.1433144,34.7910887,1,36,1,0,2010
לב מנדרין,32.1433144,34.7910887,1,36,1,0,2011
לב מנדרין,32.1433144,34.7910887,1,36,1,0,2012
לב מנדרין,32.1433144,34.7910887,1,36,1,0,2013
לב מנדרין,32.1433144,34.7910887,1,36,1,0,2014
לב מנדרין,32.1433144,34.7910887,1,36,1,0,2015
לב מנדרין,32.1433144,34.7910887,1,36,1,0,2016
לונדון,32.0749779,34.7795912,1,37,1,0,2004
לונדון,32.0749779,34.7795912,1,37,1,0,2005
לונדון,32.0749779,34.7795912,1,37,1,0,2006
לימור,32.0749779,34.7795912,1,38,1,0,1970
לימור,32.0749779,34.7795912,1,38,1,0,1971
לימור,32.0749779,34.7795912,1,38,1,0,1972
לימור,32.0749779,34.7795912,1,38,1,0,1973
לימור,32.0749779,34.7795912,1,38,1,0,1974
לימור,32.0749779,34.7795912,1,38,1,0,1975
לימור,32.0749779,34.7795912,1,38,1,0,1976
לימור,32.0749779,34.7795912,1,38,1,0,1977
לימור,32.0749779,34.7795912,1,38,1,0,1978
לימור,32.0749779,34.7795912,1,38,1,0,1979
לימור,32.0749779,34.7795912,1,38,1,0,1980
לימור,32.0749779,34.7795912,1,38,1,0,1981
לימור,32.0749779,34.7795912,1,38,1,0,1982
לימור,32.0749779,34.7795912,1,38,1,0,1983
לימור,32.0749779,34.7795912,1,38,1,0,1984
לימור,32.0749779,34.7795912,1,38,1,0,1985
לימור,32.0749779,34.7795912,1,38,1,0,1986
לימור,32.0749779,34.7795912,1,38,1,0,1987
לימור,32.0749779,34.7795912,1,38,1,0,1988
לימור,32.0749779,34.7795912,1,38,1,0,1989
לימור,32.0749779,34.7795912,1,38,1,0,1990
לימור,32.0749779,34.7795912,1,38,1,0,1991
לימור,32.0749779,34.7795912,1,38,1,0,1992
לימור,32.0749779,34.7795912,1,38,1,0,1993
מגדלור,32.0728565,34.7681741,1,39,1,942,1935
מגדלור,32.0728565,34.7681741,1,39,1,942,1936
מגדלור,32.0728565,34.7681741,1,39,1,942,1937
מגדלור,32.0728565,34.7681741,1,39,1,942,1938
מגדלור,32.0728565,34.7681741,1,39,1,942,1939
מגדלור,32.0728565,34.7681741,1,39,1,942,1940
מגדלור,32.0728565,34.7681741,1,39,1,942,1941
מגדלור,32.0728565,34.7681741,1,39,1,942,1942
מגדלור,32.0728565,34.7681741,1,39,1,942,1943
מגדלור,32.0728565,34.7681741,1,39,1,942,1944
מגדלור,32.0728565,34.7681741,1,39,1,942,1945
מגדלור,32.0728565,34.7681741,1,39,1,942,1946
מגדלור,32.0728565,34.7681741,1,39,1,942,1947
מגדלור,32.0728565,34.7681741,1,39,1,942,1948
מגדלור,32.0728565,34.7681741,1,39,1,942,1949
מגדלור,32.0728565,34.7681741,1,39,1,942,1950
מגדלור,32.0728565,34.7681741,1,39,1,942,1951
מגדלור,32.0728565,34.7681741,1,39,1,942,1952
מגדלור,32.0728565,34.7681741,1,39,1,942,1953
מגדלור,32.0728565,34.7681741,1,39,1,942,1954
מגדלור,32.0728565,34.7681741,1,39,1,942,1955
מגדלור,32.0728565,34.7681741,1,39,1,942,1956
מגדלור,32.0728565,34.7681741,1,39,1,942,1957
מגדלור,32.0728565,34.7681741,1,39,1,942,1958
מגדלור,32.0728565,34.7681741,1,39,1,942,1959
מגדלור,32.0728565,34.7681741,1,39,1,942,1960
מגדלור,32.0728565,34.7681741,1,39,1,942,1961
מגדלור,32.0728565,34.7681741,1,39,1,942,1962
מגדלור,32.0728565,34.7681741,1,39,1,942,1963
מוגרבי,32.0728235,34.7661383,1,40,2,0,1930
מוגרבי,32.0728235,34.7661383,1,40,2,0,1931
מוגרבי,32.0728235,34.7661383,1,40,2,0,1932
מוגרבי,32.0728235,34.7661383,1,40,2,0,1933
מוגרבי,32.0728235,34.7661383,1,40,2,0,1934
מוגרבי,32.0728235,34.7661383,1,40,2,0,1935
מוגרבי,32.0728235,34.7661383,1,40,2,0,1936
מוגרבי,32.0728235,34.7661383,1,40,2,0,1937
מוגרבי,32.0728235,34.7661383,1,40,2,0,1938
מוגרבי,32.0728235,34.7661383,1,40,2,0,1939
מוגרבי,32.0728235,34.7661383,1,40,2,0,1940
מוגרבי,32.0728235,34.7661383,1,40,2,0,1941
מוגרבי,32.0728235,34.7661383,1,40,2,0,1942
מוגרבי,32.0728235,34.7661383,1,40,2,0,1943
מוגרבי,32.0728235,34.7661383,1,40,2,0,1944
מוגרבי,32.0728235,34.7661383,1,40,2,0,1945
מוגרבי,32.0728235,34.7661383,1,40,2,0,1946
מוגרבי,32.0728235,34.7661383,1,40,2,0,1947
מוגרבי,32.0728235,34.7661383,1,40,2,0,1948
מוגרבי,32.0728235,34.7661383,1,40,2,0,1949
מוגרבי,32.0728235,34.7661383,1,40,2,0,1950
מוגרבי,32.0728235,34.7661383,1,40,2,0,1951
מוגרבי,32.0728235,34.7661383,1,40,2,0,1952
מוגרבי,32.0728235,34.7661383,1,40,2,0,1953
מוגרבי,32.0728235,34.7661383,1,40,2,0,1954
מוגרבי,32.0728235,34.7661383,1,40,2,0,1955
מוגרבי,32.0728235,34.7661383,1,40,2,0,1956
מוגרבי,32.0728235,34.7661383,1,40,2,0,1957
מוגרבי,32.0728235,34.7661383,1,40,2,0,1958
מוגרבי,32.0728235,34.7661383,1,40,2,0,1959
מוגרבי,32.0728235,34.7661383,1,40,2,0,1960
מוגרבי,32.0728235,34.7661383,1,40,2,0,1961
מוגרבי,32.0728235,34.7661383,1,40,2,0,1962
מוגרבי,32.0728235,34.7661383,1,40,2,0,1963
מוגרבי,32.0728235,34.7661383,1,40,2,0,1964
מוגרבי,32.0728235,34.7661383,1,40,2,0,1965
מוגרבי,32.0728235,34.7661383,1,40,2,0,1966
מוגרבי,32.0728235,34.7661383,1,40,2,0,1967
מוגרבי,32.0728235,34.7661383,1,40,2,0,1968
מוגרבי,32.0728235,34.7661383,1,40,2,0,1969
מוגרבי,32.0728235,34.7661383,1,40,2,0,1970
מוגרבי,32.0728235,34.7661383,1,40,2,0,1971
מוגרבי,32.0728235,34.7661383,1,40,2,0,1972
מוגרבי,32.0728235,34.7661383,1,40,2,0,1973
מוגרבי,32.0728235,34.7661383,1,40,2,0,1974
מוגרבי,32.0728235,34.7661383,1,40,2,0,1975
מוגרבי,32.0728235,34.7661383,1,40,2,0,1976
מוגרבי,32.0728235,34.7661383,1,40,2,0,1977
מוגרבי,32.0728235,34.7661383,1,40,2,0,1978
מוגרבי,32.0728235,34.7661383,1,40,2,0,1979
מוגרבי,32.0728235,34.7661383,1,40,2,0,1980
מוגרבי,32.0728235,34.7661383,1,40,2,0,1981
מוגרבי,32.0728235,34.7661383,1,40,2,0,1982
מוגרבי,32.0728235,34.7661383,1,40,2,0,1983
מוגרבי,32.0728235,34.7661383,1,40,2,0,1984
מוגרבי,32.0728235,34.7661383,1,40,2,0,1985
מוגרבי,32.0728235,34.7661383,1,40,2,0,1986
מור,32.1113274,34.8245952,1,41,1,0,1959
מור,32.1113274,34.8245952,1,41,1,0,1960
מור,32.1113274,34.8245952,1,41,1,0,1961
מור,32.1113274,34.8245952,1,41,1,0,1962
מור,32.1113274,34.8245952,1,41,1,0,1963
מור,32.1113274,34.8245952,1,41,1,0,1964
מור,32.1113274,34.8245952,1,41,1,0,1965
מור,32.1113274,34.8245952,1,41,1,0,1966
מור,32.1113274,34.8245952,1,41,1,0,1967
מור,32.1113274,34.8245952,1,41,1,0,1968
מור,32.1113274,34.8245952,1,41,1,0,1969
מור,32.1113274,34.8245952,1,41,1,0,1970
מרכז,32.059869,34.778314,1,43,1,0,1956
מרכז,32.059869,34.778314,1,43,1,0,1957
מרכז,32.059869,34.778314,1,43,1,0,1958
מרכז,32.059869,34.778314,1,43,1,0,1959
מרכז,32.059869,34.778314,1,43,1,0,1960
מרכז,32.059869,34.778314,1,43,1,0,1961
מרכז,32.059869,34.778314,1,43,1,0,1962
מרכז,32.059869,34.778314,1,43,1,0,1963
מרכז,32.059869,34.778314,1,43,1,0,1964
מרכז,32.059869,34.778314,1,43,1,0,1965
מרכז,32.059869,34.778314,1,43,1,0,1966
מרכז,32.059869,34.778314,1,43,1,0,1967
מרכז,32.059869,34.778314,1,43,1,0,1968
מרכז,32.059869,34.778314,1,43,1,0,1969
מרכז,32.059869,34.778314,1,43,1,0,1970
מרכז,32.059869,34.778314,1,43,1,0,1971
מרכז,32.059869,34.778314,1,43,1,0,1972
מרכז,32.059869,34.778314,1,43,1,0,1973
מרכז,32.059869,34.778314,1,43,1,0,1974
מרכז,32.059869,34.778314,1,43,1,0,1975
מרכז,32.059869,34.778314,1,43,1,0,1976
מרכז,32.059869,34.778314,1,43,1,0,1977
מרכז,32.059869,34.778314,1,43,1,0,1978
מרכז,32.059869,34.778314,1,43,1,0,1979
מרכז,32.059869,34.778314,1,43,1,0,1980
מרכז,32.059869,34.778314,1,43,1,0,1981
מרכז,32.059869,34.778314,1,43,1,0,1982
מרכז,32.059869,34.778314,1,43,1,0,1983
מרכז,32.059869,34.778314,1,43,1,0,1984
מרכז,32.059869,34.778314,1,43,1,0,1985
מרכז,32.059869,34.778314,1,43,1,0,1986
מרכז,32.059869,34.778314,1,43,1,0,1987
מרכז,32.059869,34.778314,1,43,1,0,1988
מרכז,32.059869,34.778314,1,43,1,0,1989
מרכז,32.059869,34.778314,1,43,1,0,1990
מרכז,32.059869,34.778314,1,43,1,0,1991
מרכז,32.059869,34.778314,1,43,1,0,1992
מרכז,32.059869,34.778314,1,43,1,0,1993
מרכז,32.059869,34.778314,1,43,1,0,1994
מרכז,32.059869,34.778314,1,43,1,0,1995
מרכז,32.059869,34.778314,1,43,1,0,1996
מרכז,32.059869,34.778314,1,43,1,0,1997
מרכז,32.059869,34.778314,1,43,1,0,1998
מרכז,32.059869,34.778314,1,43,1,0,1999
מרכז,32.059869,34.778314,1,43,1,0,2000
מרכז,32.059869,34.778314,1,43,1,0,2001
מרכז,32.059869,34.778314,1,43,1,0,2002
מרכז,32.059869,34.778314,1,43,1,0,2003
מרכז,32.059869,34.778314,1,43,1,0,2004
נאביל,32.0561857,34.757633,1,45,1,0,1922
נאביל,32.0561857,34.757633,1,45,1,0,1923
נאביל,32.0561857,34.757633,1,45,1,0,1924
נאביל,32.0561857,34.757633,1,45,1,0,1925
נאביל,32.0561857,34.757633,1,45,1,0,1926
נאביל,32.0561857,34.757633,1,45,1,0,1927
נאביל,32.0561857,34.757633,1,45,1,0,1928
נאביל,32.0561857,34.757633,1,45,1,0,1929
נאביל,32.0561857,34.757633,1,45,1,0,1930
נאביל,32.0561857,34.757633,1,45,1,0,1931
נאביל,32.0561857,34.757633,1,45,1,0,1932
נאביל,32.0561857,34.757633,1,45,1,0,1933
נאביל,32.0561857,34.757633,1,45,1,0,1934
נאביל,32.0561857,34.757633,1,45,1,0,1935
נאביל,32.0561857,34.757633,1,45,1,0,1936
נאביל,32.0561857,34.757633,1,45,1,0,1937
נאביל,32.0561857,34.757633,1,45,1,0,1938
נאביל,32.0561857,34.757633,1,45,1,0,1939
נאביל,32.0561857,34.757633,1,45,1,0,1940
נאביל,32.0561857,34.757633,1,45,1,0,1941
נאביל,32.0561857,34.757633,1,45,1,0,1942
נאביל,32.0561857,34.757633,1,45,1,0,1943
נאביל,32.0561857,34.757633,1,45,1,0,1944
נאביל,32.0561857,34.757633,1,45,1,0,1945
נאביל,32.0561857,34.757633,1,45,1,0,1946
נאביל,32.0561857,34.757633,1,45,1,0,1947
נאביל,32.0561857,34.757633,1,45,1,0,1948
נוגה,32.0561857,34.757633,1,46,1,0,1948
נוגה,32.0561857,34.757633,1,46,1,0,1949
נוגה,32.0561857,34.757633,1,46,1,0,1950
נוגה,32.0561857,34.757633,1,46,1,0,1951
נוגה,32.0561857,34.757633,1,46,1,0,1952
נוגה,32.0561857,34.757633,1,46,1,0,1953
נוגה,32.0561857,34.757633,1,46,1,0,1954
נוגה,32.0561857,34.757633,1,46,1,0,1955
נוגה,32.0561857,34.757633,1,46,1,0,1956
נוגה,32.0561857,34.757633,1,46,1,0,1957
נוגה,32.0561857,34.757633,1,46,1,0,1958
נוגה,32.0561857,34.757633,1,46,1,0,1959
נוגה,32.0561857,34.757633,1,46,1,0,1960
נוגה,32.0561857,34.757633,1,46,1,0,1961
נוגה,32.0561857,34.757633,1,46,1,0,1962
נוגה,32.0561857,34.757633,1,46,1,0,1963
נוגה,32.0561857,34.757633,1,46,1,0,1964
נוגה,32.0561857,34.757633,1,46,1,0,1965
נוגה,32.0561857,34.757633,1,46,1,0,1966
נוגה,32.0561857,34.757633,1,46,1,0,1967
נוגה,32.0561857,34.757633,1,46,1,0,1968
נוגה,32.0561857,34.757633,1,46,1,0,1969
נוגה,32.0561857,34.757633,1,46,1,0,1970
נוגה,32.0561857,34.757633,1,46,1,0,1971
נוגה,32.0561857,34.757633,1,46,1,0,1972
נוגה,32.0561857,34.757633,1,46,1,0,1973
נוגה,32.0561857,34.757633,1,46,1,0,1974
נוגה,32.0561857,34.757633,1,46,1,0,1975
נוגה,32.0561857,34.757633,1,46,1,0,1976
נוגה,32.0561857,34.757633,1,46,1,0,1977
נוגה,32.0561857,34.757633,1,46,1,0,1978
נוגה,32.0561857,34.757633,1,46,1,0,1979
נוגה,32.0561857,34.757633,1,46,1,0,1980
נוגה,32.0561857,34.757633,1,46,1,0,1981
נוגה,32.0561857,34.757633,1,46,1,0,1982
נוגה,32.0561857,34.757633,1,46,1,0,1983
נוגה,32.0561857,34.757633,1,46,1,0,1984
נוגה,32.0561857,34.757633,1,46,1,0,1985
נוגה,32.0561857,34.757633,1,46,1,0,1986
סטודיו,32.0728235,34.7661383,1,47,1,0,1968
סטודיו,32.0728235,34.7661383,1,47,1,0,1969
סטודיו,32.0728235,34.7661383,1,47,1,0,1970
סטודיו,32.0728235,34.7661383,1,47,1,0,1971
סטודיו,32.0728235,34.7661383,1,47,1,0,1972
סטודיו,32.0728235,34.7661383,1,47,1,0,1973
סטודיו,32.0728235,34.7661383,1,47,1,0,1974
סטודיו,32.0728235,34.7661383,1,47,1,0,1975
סטודיו,32.0728235,34.7661383,1,47,1,0,1976
סטודיו,32.0728235,34.7661383,1,47,1,0,1977
סטודיו,32.0728235,34.7661383,1,47,1,0,1978
סטודיו,32.0728235,34.7661383,1,47,1,0,1979
סטודיו,32.0728235,34.7661383,1,47,1,0,1980
סטודיו,32.0728235,34.7661383,1,47,1,0,1981
סטודיו,32.0728235,34.7661383,1,47,1,0,1982
סטודיו,32.0728235,34.7661383,1,47,1,0,1983
סטודיו,32.0728235,34.7661383,1,47,1,0,1984
סטודיו,32.0728235,34.7661383,1,47,1,0,1985
סטודיו,32.0728235,34.7661383,1,47,1,0,1986
סינמטק תל אביב,32.0707231,34.7832712,1,49,2,0,1973
סינמטק תל אביב,32.0707231,34.7832712,1,49,2,0,1974
סינמטק תל אביב,32.0707231,34.7832712,1,49,2,0,1975
סינמטק תל אביב,32.0707231,34.7832712,1,49,2,0,1976
סינמטק תל אביב,32.0707231,34.7832712,1,49,2,0,1977
סינמטק תל אביב,32.0707231,34.7832712,1,49,2,0,1978
סינמטק תל אביב,32.0707231,34.7832712,1,49,2,0,1979
סינמטק תל אביב,32.0707231,34.7832712,1,49,2,0,1980
סינמטק תל אביב,32.0707231,34.7832712,1,49,2,0,1981
סינמטק תל אביב,32.0707231,34.7832712,1,49,2,0,1982
סינמטק תל אביב,32.0707231,34.7832712,1,49,2,0,1983
סינמטק תל אביב,32.0707231,34.7832712,1,49,2,0,1984
סינמטק תל אביב,32.0707231,34.7832712,1,49,2,0,1985
סינמטק תל אביב,32.0707231,34.7832712,1,49,2,0,1986
סינמטק תל אביב,32.0707231,34.7832712,1,49,2,0,1987
סינמטק תל אביב,32.0707231,34.7832712,1,49,2,0,1988
סינמטק תל אביב,32.0707231,34.7832712,1,49,2,0,1989
סינמטק תל אביב,32.0707231,34.7832712,1,49,2,0,1990
סינמטק תל אביב,32.0707231,34.7832712,1,49,2,0,1991
סינמטק תל אביב,32.0707231,34.7832712,1,49,2,0,1992
סינמטק תל אביב,32.0707231,34.7832712,1,49,2,0,1993
סינמטק תל אביב,32.0707231,34.7832712,1,49,2,0,1994
סינמטק תל אביב,32.0707231,34.7832712,1,49,2,0,1995
סינמטק תל אביב,32.0707231,34.7832712,1,49,2,0,1996
סינמטק תל אביב,32.0707231,34.7832712,1,49,2,0,1997
סינמטק תל אביב,32.0707231,34.7832712,1,49,2,0,1998
סינמטק תל אביב,32.0707231,34.7832712,1,49,2,0,1999
סינמטק תל אביב,32.0707231,34.7832712,1,49,2,0,2000
סינמטק תל אביב,32.0707231,34.7832712,1,49,2,0,2001
סינמטק תל אביב,32.0707231,34.7832712,1,49,2,0,2002
סינמטק תל אביב,32.0707231,34.7832712,1,49,2,0,2003
סינמטק תל אביב,32.0707231,34.7832712,1,49,2,0,2004
סינמטק תל אביב,32.0707231,34.7832712,1,49,2,0,2005
סינמטק תל אביב,32.0707231,34.7832712,1,49,2,0,2006
סינמטק תל אביב,32.0707231,34.7832712,1,49,2,0,2007
סינמטק תל אביב,32.0707231,34.7832712,1,49,2,0,2008
סינמטק תל אביב,32.0707231,34.7832712,1,49,2,0,2009
סינמטק תל אביב,32.0707231,34.7832712,1,49,2,0,2010
סינמטק תל אביב,32.0707231,34.7832712,1,49,2,0,2011
סינמטק תל אביב,32.0707231,34.7832712,1,50,5,0,2011
סינמטק תל אביב,32.0707231,34.7832712,1,50,5,0,2012
סינמטק תל אביב,32.0707231,34.7832712,1,50,5,0,2013
סינמטק תל אביב,32.0707231,34.7832712,1,50,5,0,2014
סינמטק תל אביב,32.0707231,34.7832712,1,50,5,0,2015
סינמטק תל אביב,32.0707231,34.7832712,1,50,5,0,2016
עדן,32.0617729,34.766997,1,51,1,0,1914
עדן,32.0617729,34.766997,1,51,1,0,1915
עדן,32.0617729,34.766997,1,51,1,0,1916
עדן,32.0617729,34.766997,1,51,1,0,1917
עדן,32.0617729,34.766997,1,51,1,0,1918
עדן,32.0617729,34.766997,1,51,1,0,1919
עדן,32.0617729,34.766997,1,51,1,0,1920
עדן,32.0617729,34.766997,1,51,1,0,1921
עדן,32.0617729,34.766997,1,51,1,0,1922
עדן,32.0617729,34.766997,1,51,1,0,1923
עדן,32.0617729,34.766997,1,51,1,0,1924
עדן,32.0617729,34.766997,1,51,1,0,1925
עדן,32.0617729,34.766997,1,51,1,0,1926
עדן,32.0617729,34.766997,1,51,1,0,1927
עדן,32.0617729,34.766997,1,51,1,0,1928
עדן,32.0617729,34.766997,1,51,1,0,1929
עדן,32.0617729,34.766997,1,51,1,0,1930
עדן,32.0617729,34.766997,1,51,1,0,1931
עדן,32.0617729,34.766997,1,51,1,0,1932
עדן,32.0617729,34.766997,1,51,1,0,1933
עדן,32.0617729,34.766997,1,51,1,0,1934
עדן,32.0617729,34.766997,1,51,1,0,1935
עדן,32.0617729,34.766997,1,51,1,0,1936
עדן,32.0617729,34.766997,1,51,1,0,1937
עדן,32.0617729,34.766997,1,51,1,0,1938
עדן,32.0617729,34.766997,1,51,1,0,1939
עדן,32.0617729,34.766997,1,51,1,0,1940
עדן,32.0617729,34.766997,1,51,1,0,1941
עדן,32.0617729,34.766997,1,51,1,0,1942
עדן,32.0617729,34.766997,1,51,1,0,1943
עדן,32.0617729,34.766997,1,51,1,0,1944
עדן,32.0617729,34.766997,1,51,1,0,1945
עדן,32.0617729,34.766997,1,51,1,0,1946
עדן,32.0617729,34.766997,1,51,1,0,1947
עדן,32.0617729,34.766997,1,51,1,0,1948
עדן,32.0617729,34.766997,1,51,1,0,1949
עדן,32.0617729,34.766997,1,51,1,0,1950
עדן,32.0617729,34.766997,1,51,1,0,1951
עדן,32.0617729,34.766997,1,51,1,0,1952
עדן,32.0617729,34.766997,1,51,1,0,1953
עדן,32.0617729,34.766997,1,51,1,0,1954
עדן,32.0617729,34.766997,1,51,1,0,1955
עדן,32.0617729,34.766997,1,51,1,0,1956
עדן,32.0617729,34.766997,1,51,1,0,1957
עדן,32.0617729,34.766997,1,51,1,0,1958
עדן,32.0617729,34.766997,1,51,1,0,1959
עדן,32.0617729,34.766997,1,51,1,0,1960
עדן,32.0617729,34.766997,1,51,1,0,1961
עדן,32.0617729,34.766997,1,51,1,0,1962
עדן,32.0617729,34.766997,1,51,1,0,1963
עדן,32.0617729,34.766997,1,51,1,0,1964
עדן,32.0617729,34.766997,1,51,1,0,1965
עדן,32.0617729,34.766997,1,51,1,0,1966
עדן,32.0617729,34.766997,1,51,1,0,1967
עדן,32.0617729,34.766997,1,51,1,0,1968
עדן,32.0617729,34.766997,1,51,1,0,1969
עדן,32.0617729,34.766997,1,51,1,0,1970
עדן,32.0617729,34.766997,1,51,1,0,1971
עדן,32.0617729,34.766997,1,51,1,0,1972
עדן,32.0617729,34.766997,1,51,1,0,1973
עדן,32.0617729,34.766997,1,51,1,0,1974
פאר,32.0947814,34.7764009,1,52,1,0,1958
פאר,32.0947814,34.7764009,1,52,1,0,1959
פאר,32.0947814,34.7764009,1,52,1,0,1960
פאר,32.0947814,34.7764009,1,52,1,0,1961
פאר,32.0947814,34.7764009,1,52,1,0,1962
פאר,32.0947814,34.7764009,1,52,1,0,1963
פאר,32.0947814,34.7764009,1,52,1,0,1964
פאר,32.0947814,34.7764009,1,52,1,0,1965
פאר,32.0947814,34.7764009,1,52,1,0,1966
פאר,32.0947814,34.7764009,1,52,1,0,1967
פאר,32.0947814,34.7764009,1,52,1,0,1968
פאר,32.0947814,34.7764009,1,52,1,0,1969
פאר,32.0947814,34.7764009,1,52,1,0,1970
פאר,32.0947814,34.7764009,1,52,1,0,1971
פאר,32.0947814,34.7764009,1,52,1,0,1972
פאר,32.0947814,34.7764009,1,52,1,0,1973
פאר,32.0947814,34.7764009,1,52,1,0,1974
פאר,32.0947814,34.7764009,1,52,1,0,1975
פאר,32.0947814,34.7764009,1,52,1,0,1976
פאר,32.0947814,34.7764009,1,52,1,0,1977
פאר,32.0947814,34.7764009,1,52,1,0,1978
פאר,32.0947814,34.7764009,1,52,1,0,1979
פאר,32.0947814,34.7764009,1,52,1,0,1980
פאר,32.0947814,34.7764009,1,52,1,0,1981
פאר,32.0947814,34.7764009,1,52,1,0,1982
פאר,32.0947814,34.7764009,1,52,1,0,1983
פאר,32.0947814,34.7764009,1,52,1,0,1984
פאר,32.0947814,34.7764009,1,52,1,0,1985
פאר,32.0947814,34.7764009,1,52,1,0,1986
פאר,32.0947814,34.7764009,1,52,1,0,1987
פאר,32.0947814,34.7764009,1,52,1,0,1988
פאר,32.0947814,34.7764009,1,52,1,0,1989
פאר,32.0947814,34.7764009,1,52,1,0,1990
פארוק,32.0518144,34.7573814,1,53,1,0,1940
פארוק,32.0518144,34.7573814,1,53,1,0,1941
פארוק,32.0518144,34.7573814,1,53,1,0,1942
פארוק,32.0518144,34.7573814,1,53,1,0,1943
פארוק,32.0518144,34.7573814,1,53,1,0,1944
פארוק,32.0518144,34.7573814,1,53,1,0,1945
פארוק,32.0518144,34.7573814,1,53,1,0,1946
פארוק,32.0518144,34.7573814,1,53,1,0,1947
פארוק,32.0518144,34.7573814,1,53,1,0,1948
פריז,32.0797742,34.7659796,1,54,1,0,1957
פריז,32.0797742,34.7659796,1,54,1,0,1958
פריז,32.0797742,34.7659796,1,54,1,0,1959
פריז,32.0797742,34.7659796,1,54,1,0,1960
פריז,32.0797742,34.7659796,1,54,1,0,1961
פריז,32.0797742,34.7659796,1,54,1,0,1962
פריז,32.0797742,34.7659796,1,54,1,0,1963
פריז,32.0797742,34.7659796,1,54,1,0,1964
פריז,32.0797742,34.7659796,1,54,1,0,1965
פריז,32.0797742,34.7659796,1,54,1,0,1966
פריז,32.0797742,34.7659796,1,54,1,0,1967
פריז,32.0797742,34.7659796,1,54,1,0,1968
פריז,32.0797742,34.7659796,1,54,1,0,1969
פריז,32.0797742,34.7659796,1,54,1,0,1970
פריז,32.0797742,34.7659796,1,54,1,0,1971
פריז,32.0797742,34.7659796,1,54,1,0,1972
פריז,32.0797742,34.7659796,1,54,1,0,1973
פריז,32.0797742,34.7659796,1,54,1,0,1974
פריז,32.0797742,34.7659796,1,54,1,0,1975
פריז,32.0797742,34.7659796,1,54,1,0,1976
פריז,32.0797742,34.7659796,1,54,1,0,1977
פריז,32.0797742,34.7659796,1,54,1,0,1978
פריז,32.0797742,34.7659796,1,54,1,0,1979
פריז,32.0797742,34.7659796,1,54,1,0,1980
פריז,32.0797742,34.7659796,1,54,1,0,1981
פריז,32.0797742,34.7659796,1,54,1,0,1982
פריז,32.0797742,34.7659796,1,54,1,0,1983
פריז,32.0797742,34.7659796,1,54,1,0,1984
פריז,32.0797742,34.7659796,1,54,1,0,1985
פריז,32.0797742,34.7659796,1,54,1,0,1986
פריז,32.0797742,34.7659796,1,54,1,0,1987
פריז,32.0797742,34.7659796,1,54,1,0,1988
פריז,32.0797742,34.7659796,1,54,1,0,1989
פריז,32.0797742,34.7659796,1,54,1,0,1990
פריז,32.0797742,34.7659796,1,54,1,0,1991
פריז,32.0797742,34.7659796,1,54,1,0,1992
צליל,32.0558845,34.7574308,1,55,1,0,1948
צליל,32.0558845,34.7574308,1,55,1,0,1949
צליל,32.0558845,34.7574308,1,55,1,0,1950
צליל,32.0558845,34.7574308,1,55,1,0,1951
צליל,32.0558845,34.7574308,1,55,1,0,1952
צליל,32.0558845,34.7574308,1,55,1,0,1953
צליל,32.0558845,34.7574308,1,55,1,0,1954
צליל,32.0558845,34.7574308,1,55,1,0,1955
צליל,32.0558845,34.7574308,1,55,1,0,1956
צליל,32.0558845,34.7574308,1,55,1,0,1957
צליל,32.0558845,34.7574308,1,55,1,0,1958
צליל,32.0558845,34.7574308,1,55,1,0,1959
צליל,32.0558845,34.7574308,1,55,1,0,1960
צליל,32.0558845,34.7574308,1,55,1,0,1961
צליל,32.0558845,34.7574308,1,55,1,0,1962
צליל,32.0558845,34.7574308,1,55,1,0,1963
צליל,32.0558845,34.7574308,1,55,1,0,1964
צליל,32.0558845,34.7574308,1,55,1,0,1965
צליל,32.0558845,34.7574308,1,55,1,0,1966
צפון,32.0916757,34.7842185,1,56,1,569,1957
צפון,32.0916757,34.7842185,1,56,1,569,1958
צפון,32.0916757,34.7842185,1,56,1,569,1959
צפון,32.0916757,34.7842185,1,56,1,569,1960
צפון,32.0916757,34.7842185,1,56,1,569,1961
צפון,32.0916757,34.7842185,1,56,1,569,1962
צפון,32.0916757,34.7842185,1,56,1,569,1963
צפון,32.0916757,34.7842185,1,56,1,569,1964
צפון,32.0916757,34.7842185,1,56,1,569,1965
צפון,32.0916757,34.7842185,1,56,1,569,1966
צפון,32.0916757,34.7842185,1,56,1,569,1967
צפון,32.0916757,34.7842185,1,56,1,569,1968
צפון,32.0916757,34.7842185,1,56,1,569,1969
צפון,32.0916757,34.7842185,1,56,1,569,1970
צפון,32.0916757,34.7842185,1,56,1,569,1971
צפון,32.0916757,34.7842185,1,56,1,569,1972
צפון,32.0916757,34.7842185,1,56,1,569,1973
צפון,32.0916757,34.7842185,1,56,1,569,1974
צפון,32.0916757,34.7842185,1,56,1,569,1975
צפון,32.0916757,34.7842185,1,56,1,569,1976
צפון,32.0916757,34.7842185,1,56,1,569,1977
צפון,32.0916757,34.7842185,1,56,1,569,1978
צפון,32.0916757,34.7842185,1,56,1,569,1979
צפון,32.0916757,34.7842185,1,56,1,569,1980
צפון,32.0916757,34.7842185,1,56,1,569,1981
צפון,32.0916757,34.7842185,1,56,1,569,1982
צפון,32.0916757,34.7842185,1,56,1,569,1983
צפון,32.0916757,34.7842185,1,56,1,569,1984
צפון,32.0916757,34.7842185,1,56,1,569,1985
צפון,32.0916757,34.7842185,1,56,1,569,1986
צפון,32.0916757,34.7842185,1,56,1,569,1987
צפון,32.0916757,34.7842185,1,56,1,569,1988
צפון,32.0916757,34.7842185,1,56,1,569,1989
צפון,32.0916757,34.7842185,1,56,1,569,1990
צפון,32.0916757,34.7842185,1,56,1,569,1991
צפון,32.0916757,34.7842185,1,56,1,569,1992
צפון,32.0916757,34.7842185,1,56,1,569,1993
צפון,32.0916757,34.7842185,1,56,1,569,1994
צפון,32.0916757,34.7842185,1,56,1,569,1995
צפון,32.0916757,34.7842185,1,56,1,569,1996
צפון,32.0916757,34.7842185,1,56,1,569,1997
קסם,32.0739309,34.7636275,1,57,1,0,1945
קסם,32.0739309,34.7636275,1,57,1,0,1946
קסם,32.0739309,34.7636275,1,57,1,0,1947
קסם,32.0739309,34.7636275,1,57,1,0,1948
קריקטריון,32.0730436,34.7628119,1,58,2,0,1973
קריקטריון,32.0730436,34.7628119,1,58,2,0,1974
קריקטריון,32.0730436,34.7628119,1,58,2,0,1975
קריקטריון,32.0730436,34.7628119,1,58,2,0,1976
קריקטריון,32.0730436,34.7628119,1,58,2,0,1977
קריקטריון,32.0730436,34.7628119,1,58,2,0,1978
קריקטריון,32.0730436,34.7628119,1,58,2,0,1979
קריקטריון,32.0730436,34.7628119,1,58,2,0,1980
ראשיד,32.0558845,34.7574308,1,59,1,0,1947
ראשיד,32.0558845,34.7574308,1,59,1,0,1948
רב חן דיזינגוף,32.0781338,34.7713933,1,60,1,0,1949
רב חן דיזינגוף,32.0781338,34.7713933,1,60,1,0,1950
רב חן דיזינגוף,32.0781338,34.7713933,1,60,1,0,1951
רב חן דיזינגוף,32.0781338,34.7713933,1,60,1,0,1952
רב חן דיזינגוף,32.0781338,34.7713933,1,60,1,0,1953
רב חן דיזינגוף,32.0781338,34.7713933,1,60,1,0,1954
רב חן דיזינגוף,32.0781338,34.7713933,1,60,1,0,1955
רב חן דיזינגוף,32.0781338,34.7713933,1,60,1,0,1956
רב חן דיזינגוף,32.0781338,34.7713933,1,60,1,0,1957
רב חן דיזינגוף,32.0781338,34.7713933,1,60,1,0,1958
רב חן דיזינגוף,32.0781338,34.7713933,1,60,1,0,1959
רב חן דיזינגוף,32.0781338,34.7713933,1,60,1,0,1960
רב חן דיזינגוף,32.0781338,34.7713933,1,60,1,0,1961
רב חן דיזינגוף,32.0781338,34.7713933,1,60,1,0,1962
רב חן דיזינגוף,32.0781338,34.7713933,1,60,1,0,1963
רב חן דיזינגוף,32.0781338,34.7713933,1,60,1,0,1964
רב חן דיזינגוף,32.0781338,34.7713933,1,60,1,0,1965
רב חן דיזינגוף,32.0781338,34.7713933,1,60,1,0,1966
רב חן דיזינגוף,32.0781338,34.7713933,1,60,1,0,1967
רב חן דיזינגוף,32.0781338,34.7713933,1,60,1,0,1968
רב חן דיזינגוף,32.0781338,34.7713933,1,60,1,0,1969
רב חן דיזינגוף,32.0781338,34.7713933,1,60,1,0,1970
רב חן דיזינגוף,32.0781338,34.7713933,1,60,1,0,1971
רב חן דיזינגוף,32.0781338,34.7713933,1,60,1,0,1972
רב חן דיזינגוף,32.0781338,34.7713933,1,60,1,0,1973
רב חן דיזינגוף,32.0781338,34.7713933,1,60,1,0,1974
רב חן דיזינגוף,32.0781338,34.7713933,1,60,1,0,1975
רב חן דיזינגוף,32.0781338,34.7713933,1,60,1,0,1976
רב חן דיזינגוף,32.0781338,34.7713933,1,60,1,0,1977
רב חן דיזינגוף,32.0781338,34.7713933,1,60,1,0,1978
רב חן דיזינגוף,32.0781338,34.7713933,1,60,1,0,1979
רב חן דיזינגוף,32.0781338,34.7713933,1,60,1,0,1980
רב חן דיזינגוף,32.0781338,34.7713933,1,60,1,0,1981
רב חן דיזינגוף,32.0781338,34.7713933,1,61,6,0,1981
רב חן דיזינגוף,32.0781338,34.7713933,1,61,6,0,1982
רב חן דיזינגוף,32.0781338,34.7713933,1,61,6,0,1983
רב חן דיזינגוף,32.0781338,34.7713933,1,61,6,0,1984
רב חן דיזינגוף,32.0781338,34.7713933,1,61,6,0,1985
רב חן דיזינגוף,32.0781338,34.7713933,1,61,6,0,1986
רב חן דיזינגוף,32.0781338,34.7713933,1,61,6,0,1987
רב חן דיזינגוף,32.0781338,34.7713933,1,61,6,0,1988
רב חן דיזינגוף,32.0781338,34.7713933,1,61,6,0,1989
רב חן דיזינגוף,32.0781338,34.7713933,1,61,6,0,1990
רב חן דיזינגוף,32.0781338,34.7713933,1,61,6,0,1991
רב חן דיזינגוף,32.0781338,34.7713933,1,61,6,0,1992
רב חן דיזינגוף,32.0781338,34.7713933,1,61,6,0,1993
רב חן דיזינגוף,32.0781338,34.7713933,1,61,6,0,1994
רב חן דיזינגוף,32.0781338,34.7713933,1,61,6,0,1995
רב חן דיזינגוף,32.0781338,34.7713933,1,61,6,0,1996
רב חן דיזינגוף,32.0781338,34.7713933,1,61,6,0,1997
רב חן דיזינגוף,32.0781338,34.7713933,1,61,6,0,1998
רב חן דיזינגוף,32.0781338,34.7713933,1,61,6,0,1999
רב חן דיזינגוף,32.0781338,34.7713933,1,61,6,0,2000
רב חן דיזינגוף,32.0781338,34.7713933,1,61,6,0,2001
רב חן דיזינגוף,32.0781338,34.7713933,1,61,6,0,2002
רב חן דיזינגוף,32.0781338,34.7713933,1,61,6,0,2003
רב חן דיזינגוף,32.0781338,34.7713933,1,61,6,0,2004
רב חן דיזינגוף,32.0781338,34.7713933,1,61,6,0,2005
רב חן דיזינגוף,32.0781338,34.7713933,1,61,6,0,2006
רב חן דיזינגוף,32.0781338,34.7713933,1,61,6,0,2007
רב חן דיזינגוף,32.0781338,34.7713933,1,61,6,0,2008
רב חן דיזינגוף,32.0781338,34.7713933,1,61,6,0,2009
רב חן דיזינגוף,32.0781338,34.7713933,1,62,4,0,2010
רב חן דיזינגוף,32.0781338,34.7713933,1,62,4,0,2011
רב חן דיזינגוף,32.0781338,34.7713933,1,62,4,0,2012
רב חן דיזינגוף,32.0781338,34.7713933,1,62,4,0,2013
רב חן דיזינגוף,32.0781338,34.7713933,1,62,4,0,2014
רב חן דיזינגוף,32.0781338,34.7713933,1,62,4,0,2015
רב חן דיזינגוף,32.0781338,34.7713933,1,62,4,0,2016
רב חן מגדל האופרה,32.0739309,34.7636275,1,63,5,0,1993
רב חן מגדל האופרה,32.0739309,34.7636275,1,63,5,0,1994
רב חן מגדל האופרה,32.0739309,34.7636275,1,63,5,0,1995
רב חן מגדל האופרה,32.0739309,34.7636275,1,63,5,0,1996
רב חן מגדל האופרה,32.0739309,34.7636275,1,63,5,0,1997
רב חן מגדל האופרה,32.0739309,34.7636275,1,63,5,0,1998
רב חן מגדל האופרה,32.0739309,34.7636275,1,63,5,0,1999
רב חן מגדל האופרה,32.0739309,34.7636275,1,63,5,0,2000
רב חן מגדל האופרה,32.0739309,34.7636275,1,63,5,0,2001
רב חן מגדל האופרה,32.0739309,34.7636275,1,63,5,0,2002
רב חן מגדל האופרה,32.0739309,34.7636275,1,63,5,0,2003
רב חן מגדל האופרה,32.0739309,34.7636275,1,63,5,0,2004
רב חן מגדל האופרה,32.0739309,34.7636275,1,63,5,0,2005
רב חן מגדל האופרה,32.0739309,34.7636275,1,63,5,0,2006
רב חן מגדל האופרה,32.0739309,34.7636275,1,63,5,0,2007
רב חן מגדל האופרה,32.0739309,34.7636275,1,63,5,0,2008
רב חן מגדל האופרה,32.0739309,34.7636275,1,63,5,0,2009
רב חן מגדל האופרה,32.0739309,34.7636275,1,63,5,0,2010
רב חן מגדל האופרה,32.0739309,34.7636275,1,63,5,0,2011
רב חן מגדל האופרה,32.0739309,34.7636275,1,63,5,0,2012
רב פאר,32.0947814,34.7764009,1,64,4,0,1991
רב פאר,32.0947814,34.7764009,1,64,4,0,1992
רב פאר,32.0947814,34.7764009,1,64,4,0,1993
רב פאר,32.0947814,34.7764009,1,64,4,0,1994
רב פאר,32.0947814,34.7764009,1,64,4,0,1995
רב פאר,32.0947814,34.7764009,1,64,4,0,1996
רב פאר,32.0947814,34.7764009,1,64,4,0,1997
רב פאר,32.0947814,34.7764009,1,64,4,0,1998
רב פאר,32.0947814,34.7764009,1,64,4,0,1999
רב פאר,32.0947814,34.7764009,1,64,4,0,2000
רב פאר,32.0947814,34.7764009,1,64,4,0,2001
רב פאר,32.0947814,34.7764009,1,64,4,0,2002
רב פאר,32.0947814,34.7764009,1,64,4,0,2003
רב פאר,32.0947814,34.7764009,1,64,4,0,2004
רב פאר,32.0947814,34.7764009,1,64,4,0,2005
רב פאר,32.0947814,34.7764009,1,64,4,0,2006
רב פאר,32.0947814,34.7764009,1,64,4,0,2007
שדרות,32.0656165,34.7750563,1,67,1,270,1938
שדרות,32.0656165,34.7750563,1,67,1,270,1939
שדרות,32.0656165,34.7750563,1,67,1,270,1940
שדרות,32.0656165,34.7750563,1,67,1,270,1941
שדרות,32.0656165,34.7750563,1,67,1,270,1942
שדרות,32.0656165,34.7750563,1,67,1,270,1943
שדרות,32.0656165,34.7750563,1,67,1,270,1944
שדרות,32.0656165,34.7750563,1,67,1,270,1945
שדרות,32.0656165,34.7750563,1,67,1,270,1946
שדרות,32.0656165,34.7750563,1,67,1,270,1947
שדרות,32.0656165,34.7750563,1,67,1,270,1948
שדרות,32.0656165,34.7750563,1,67,1,270,1949
שדרות,32.0656165,34.7750563,1,67,1,270,1950
שדרות,32.0656165,34.7750563,1,67,1,270,1951
שדרות,32.0656165,34.7750563,1,67,1,270,1952
שדרות,32.0656165,34.7750563,1,67,1,270,1953
שדרות,32.0656165,34.7750563,1,67,1,270,1954
שדרות,32.0656165,34.7750563,1,67,1,270,1955
שדרות,32.0656165,34.7750563,1,67,1,270,1956
שדרות,32.0656165,34.7750563,1,67,1,270,1957
שדרות,32.0656165,34.7750563,1,67,1,270,1958
שדרות,32.0656165,34.7750563,1,67,1,270,1959
שדרות,32.0656165,34.7750563,1,67,1,270,1960
שדרות,32.0656165,34.7750563,1,67,1,270,1961
שדרות,32.0656165,34.7750563,1,67,1,270,1962
שדרות,32.0656165,34.7750563,1,67,1,270,1963
שדרות,32.0656165,34.7750563,1,67,1,270,1964
שדרות,32.0656165,34.7750563,1,67,1,270,1965
שדרות,32.0656165,34.7750563,1,67,1,270,1966
שדרות,32.0656165,34.7750563,1,67,1,270,1967
שדרות,32.0656165,34.7750563,1,67,1,270,1968
שדרות,32.0656165,34.7750563,1,67,1,270,1969
שדרות,32.0656165,34.7750563,1,67,1,270,1970
שדרות,32.0656165,34.7750563,1,67,1,270,1971
שדרות,32.0656165,34.7750563,1,67,1,270,1972
שדרות,32.0656165,34.7750563,1,67,1,270,1973
שדרות,32.0656165,34.7750563,1,67,1,270,1974
שדרות,32.0656165,34.7750563,1,67,1,270,1975
שדרות,32.0656165,34.7750563,1,67,1,270,1976
שדרות,32.0656165,34.7750563,1,67,1,270,1977
שדרות,32.0656165,34.7750563,1,67,1,270,1978
שחף,32.0859085,34.7677613,1,68,3,0,1975
שחף,32.0859085,34.7677613,1,68,3,0,1976
שחף,32.0859085,34.7677613,1,68,3,0,1977
שחף,32.0859085,34.7677613,1,68,3,0,1978
שחף,32.0859085,34.7677613,1,68,3,0,1979
שחף,32.0859085,34.7677613,1,68,3,0,1980
שחף,32.0859085,34.7677613,1,68,3,0,1981
שחף,32.0859085,34.7677613,1,68,3,0,1982
שחף,32.0859085,34.7677613,1,68,3,0,1983
שחף,32.0859085,34.7677613,1,68,3,0,1984
שחף,32.0859085,34.7677613,1,68,3,0,1985
שחף,32.0859085,34.7677613,1,68,3,0,1986
שחף,32.0859085,34.7677613,1,68,3,0,1987
שחף,32.0859085,34.7677613,1,68,3,0,1988
שחף,32.0859085,34.7677613,1,68,3,0,1989
שחף,32.0859085,34.7677613,1,68,3,0,1990
שלהבת,32.0462877,34.8043824,1,69,1,628,1940
שלהבת,32.0462877,34.8043824,1,69,1,628,1941
שלהבת,32.0462877,34.8043824,1,69,1,628,1942
שלהבת,32.0462877,34.8043824,1,69,1,628,1943
שלהבת,32.0462877,34.8043824,1,69,1,628,1944
שלהבת,32.0462877,34.8043824,1,69,1,628,1945
שלהבת,32.0462877,34.8043824,1,69,1,628,1946
שלהבת,32.0462877,34.8043824,1,69,1,628,1947
שלהבת,32.0462877,34.8043824,1,69,1,628,1948
שלהבת,32.0462877,34.8043824,1,69,1,628,1949
שלהבת,32.0462877,34.8043824,1,69,1,628,1950
שלהבת,32.0462877,34.8043824,1,69,1,628,1951
שלהבת,32.0462877,34.8043824,1,69,1,628,1952
שלהבת,32.0462877,34.8043824,1,69,1,628,1953
שלהבת,32.0462877,34.8043824,1,69,1,628,1954
שלהבת,32.0462877,34.8043824,1,69,1,628,1955
שלהבת,32.0462877,34.8043824,1,69,1,628,1956
שלהבת,32.0462877,34.8043824,1,69,1,628,1957
שלהבת,32.0462877,34.8043824,1,69,1,628,1958
שלהבת,32.0462877,34.8043824,1,69,1,628,1959
שלהבת,32.0462877,34.8043824,1,69,1,628,1960
שלהבת,32.0462877,34.8043824,1,69,1,628,1961
שלהבת,32.0462877,34.8043824,1,69,1,628,1962
שלהבת,32.0462877,34.8043824,1,69,1,628,1963
שלהבת,32.0462877,34.8043824,1,69,1,628,1964
שלהבת,32.0462877,34.8043824,1,69,1,628,1965
שלהבת,32.0462877,34.8043824,1,69,1,628,1966
שלהבת,32.0462877,34.8043824,1,69,1,628,1967
שלהבת,32.0462877,34.8043824,1,69,1,628,1968
שלהבת,32.0462877,34.8043824,1,69,1,628,1969
שלהבת,32.0462877,34.8043824,1,69,1,628,1970
ששת המופלאים,32.0564885,34.7774583,1,70,6,0,1998
ששת המופלאים,32.0564885,34.7774583,1,70,6,0,1999
תכלת,32.094328,34.7728542,1,71,1,0,1955
תכלת,32.094328,34.7728542,1,71,1,0,1956
תכלת,32.094328,34.7728542,1,71,1,0,1957
תכלת,32.094328,34.7728542,1,71,1,0,1958
תכלת,32.094328,34.7728542,1,71,1,0,1959
תכלת,32.094328,34.7728542,1,71,1,0,1960
תכלת,32.094328,34.7728542,1,71,1,0,1961
תכלת,32.094328,34.7728542,1,71,1,0,1962
תכלת,32.094328,34.7728542,1,71,1,0,1963
תכלת,32.094328,34.7728542,1,71,1,0,1964
תכלת,32.094328,34.7728542,1,71,1,0,1965
תכלת,32.094328,34.7728542,1,71,1,0,1966
תכלת,32.094328,34.7728542,1,71,1,0,1967
תכלת,32.094328,34.7728542,1,71,1,0,1968
תכלת,32.094328,34.7728542,1,71,1,0,1969
תכלת,32.094328,34.7728542,1,71,1,0,1970
תכלת,32.094328,34.7728542,1,71,1,0,1971
תכלת,32.094328,34.7728542,1,71,1,0,1972
תכלת,32.094328,34.7728542,1,71,1,0,1973
תכלת,32.094328,34.7728542,1,71,1,0,1974
תכלת,32.094328,34.7728542,1,71,1,0,1975
תכלת,32.094328,34.7728542,1,71,1,0,1976
תכלת,32.094328,34.7728542,1,71,1,0,1977
תכלת,32.094328,34.7728542,1,71,1,0,1978
תכלת,32.094328,34.7728542,1,71,1,0,1979
תכלת,32.094328,34.7728542,1,71,1,0,1980
תכלת,32.094328,34.7728542,1,71,1,0,1981
תכלת,32.094328,34.7728542,1,71,1,0,1982
תכלת,32.094328,34.7728542,1,71,1,0,1983
תכלת,32.094328,34.7728542,1,71,1,0,1984
תכלת,32.094328,34.7728542,1,71,1,0,1985
תכלת,32.094328,34.7728542,1,71,1,0,1986
תכלת,32.094328,34.7728542,1,71,1,0,1987
תכלת,32.094328,34.7728542,1,71,1,0,1988
תכלת,32.094328,34.7728542,1,71,1,0,1989
תכלת,32.094328,34.7728542,1,71,1,0,1990
תכלת,32.094328,34.7728542,1,71,1,0,1991
תכלת,32.094328,34.7728542,1,71,1,0,1992
תכלת,32.094328,34.7728542,1,71,1,0,1993
תכלת,32.094328,34.7728542,1,71,1,0,1994
תכלת,32.094328,34.7728542,1,71,1,0,1995
תל אביב,32.0770949,34.7709805,1,72,1,0,1957
תל אביב,32.0770949,34.7709805,1,72,1,0,1958
תל אביב,32.0770949,34.7709805,1,72,1,0,1959
תל אביב,32.0770949,34.7709805,1,72,1,0,1960
תל אביב,32.0770949,34.7709805,1,72,1,0,1961
תל אביב,32.0770949,34.7709805,1,72,1,0,1962
תל אביב,32.0770949,34.7709805,1,72,1,0,1963
תל אביב,32.0770949,34.7709805,1,72,1,0,1964
תל אביב,32.0770949,34.7709805,1,72,1,0,1965
תל אביב,32.0770949,34.7709805,1,72,1,0,1966
תל אביב,32.0770949,34.7709805,1,72,1,0,1967
תל אביב,32.0770949,34.7709805,1,72,1,0,1968
תל אביב,32.0770949,34.7709805,1,72,1,0,1969
תל אביב,32.0770949,34.7709805,1,72,1,0,1970
תל אביב,32.0770949,34.7709805,1,72,1,0,1971
תל אביב,32.0770949,34.7709805,1,72,1,0,1972
תל אביב,32.0770949,34.7709805,1,72,1,0,1973
תל אביב,32.0770949,34.7709805,1,72,1,0,1974
תל אביב,32.0770949,34.7709805,1,72,1,0,1975
תל אביב,32.0770949,34.7709805,1,72,1,0,1976
תל אביב,32.0770949,34.7709805,1,72,1,0,1977
תל אביב,32.0770949,34.7709805,1,72,1,0,1978
תל אביב,32.0770949,34.7709805,1,72,1,0,1979
תל אביב,32.0770949,34.7709805,1,72,1,0,1980
תל אביב,32.0770949,34.7709805,1,72,1,0,1981
תל אביב,32.0770949,34.7709805,1,72,1,0,1982
תל אביב,32.0770949,34.7709805,1,72,1,0,1983
תל אביב,32.0770949,34.7709805,1,72,1,0,1984
תל אביב,32.0770949,34.7709805,1,72,1,0,1985
תל אביב,32.0770949,34.7709805,1,72,1,0,1986
תל אביב,32.0770949,34.7709805,1,72,1,0,1987
תל אביב,32.0770949,34.7709805,1,72,1,0,1988
תל אביב,32.0770949,34.7709805,1,72,1,0,1989
תל אביב,32.0770949,34.7709805,1,72,1,0,1990
תל אביב,32.0770949,34.7709805,1,72,1,0,1991
תל אביב,32.0770949,34.7709805,1,72,1,0,1992
תל אביב,32.0770949,34.7709805,1,72,1,0,1993
תל אביב,32.0770949,34.7709805,1,72,1,0,1994
תל אביב,32.0770949,34.7709805,1,72,1,0,1995
תל אביב,32.0770949,34.7709805,1,72,1,0,1996
תל אביב,32.0770949,34.7709805,1,72,1,0,1997
תל אביב,32.0770949,34.7709805,1,72,1,0,1998
תל אביב,32.0770949,34.7709805,1,72,1,0,1999
תל אביב,32.0770949,34.7709805,1,72,1,0,2000